Haplotype dataset generic_haplotype_set total variants 2525 min to print 10 k 14															
ID	count	haplo	status	lineages	descends	variants									
0	1398	{}	orig	1	1398										
1	229	{1..5}	orig	5	229	1	2	3	4	5					
2	929	{6 7}	orig	11	929	6	7								
3	1414	{1..3 5}	orig	42	1414	1	2	3	5						
4	31	{6 8 9}	orig	2	31	6	8	9							
5	74	{1..3 5 10 11}	orig	2	74	1	10	2	3	5	11				
6	1047	{14 15}	orig	10	1047	14	15								
7	92	{2 3 5 16 17}	orig	12	92	16	2	3	5	17					
8	22	{1..3 5 16..18}	orig	2	22	1	16	2	18	3	5	17			
9	1585	{1..3 5 11}	orig	10	1585	1	2	3	5	11					
10	1746	{1..3 5 16 17}	orig	11	1746	1	16	2	3	5	17				
11	60	{1..3 5 19 20}	orig	2	60	1	2	3	19	5	20				
12	12	{24}	orig	2	12	24									
13	26	{1..3 5 6}	orig	4	26	1	2	6	3	5					
14	18	{1..3 5 16 17 25}	orig	2	18	1	16	2	25	3	5	17			
15	97	{1..3 5 11 28 29}	orig	5	97	1	2	28	3	5	29	11			
16	16	{6 7 30}	orig	2	16	6	7	30							
17	10	{1..3}	orig	43	10	1	2	3							
18	178	{1..3 5 17 33}	orig	3	178	1	2	3	33	5	17				
19	21	{1..3 5 6 16 17}	orig	2	21	1	16	2	6	3	5	17			
20	39	{2 3 5}	orig	48	39	2	3	5							
21	10	{1..3 5 39}	orig	2	10	1	2	3	39	5					
22	145	{6}	orig	21	145	6									
23	58	{1..3 5 17}	orig	16	58	1	2	3	5	17					
24	11	{2 3 5 17 33}	orig	4	11	2	3	33	5	17					
25	30	{14 15 47}	orig	2	30	14	47	15							
26	12	{6 14 15}	orig	2	12	14	6	15							
27	147	{1..3 5 16 17 56}	orig	2	147	1	16	2	56	3	5	17			
28	70	{7 9 14 15 22}	orig	2	70	14	7	15	9	22					
29	15	{60}	orig	2	15	60									
30	15	{6 7 62}	orig	2	15	62	6	7							
31	30	{6 27 55}	orig	2	30	6	27	55							
32	188	{1..3 5 19}	orig	5	188	1	2	3	19	5					
33	13	{1..3 5 16 17 76}	orig	2	13	1	16	2	3	76	5	17			
34	36	{15}	orig	11	36	15									
35	61	{1..3 5 11 28 29 78 79}	orig	3	61	1	2	78	28	79	3	5	29	11	
36	11	{6 7 46}	orig	2	11	6	7	46							
37	19	{83}	orig	3	19	83									
38	98	{1..3 5 16 17 27}	orig	2	98	1	16	2	3	5	17	27			
39	47	{6 55}	orig	4	47	6	55								
40	26	{6 41 55}	orig	2	26	41	6	55							
41	91	{1..3 5 19 113}	orig	2	91	1	2	113	3	19	5				
42	21	{6 7 118 119}	orig	2	21	118	6	7	119						
43	71	{7}	orig	14	71	7									
44	10	{14 15 66 75 121 122}	orig	2	10	121	122	14	66	15	75				
45	94	{1..3 5 11 123}	orig	2	94	1	2	3	123	5	11				
46	62	{2 3 5 11}	orig	11	62	2	3	5	11						
47	11	{55}	orig	5	11	55									
48	88	{7 14 15 22}	orig	3	88	14	7	15	22						
49	17	{1..3 5 17 33 133}	orig	2	17	1	2	3	33	5	17	133			
50	12	{6 7 58}	orig	2	12	6	7	58							
51	54	{6 9}	orig	3	54	6	9								
52	44	{1..3 5 19 83}	orig	2	44	1	2	3	19	5	83				
53	48	{14 15 75 121}	orig	4	48	121	14	15	75						
54	195	{1..3 5 17 131}	orig	2	195	1	131	2	3	5	17				
55	21	{84}	orig	3	21	84									
56	23	{6 7 119}	orig	3	23	6	7	119							
57	24	{14 15 88}	orig	2	24	14	15	88							
58	11	{1 2 5}	orig	43	11	1	2	5							
59	13	{2 3 5 17}	orig	19	13	2	3	5	17						
60	12	{6 7 113}	orig	2	12	113	6	7							
61	10	{1..5 167}	orig	2	10	1	2	3	4	5	167				
62	16	{1..3 5 16}	orig	12	16	1	16	2	3	5					
63	16	{183}	orig	2	16	183									
64	16	{1..3 5 16 17 185}	orig	2	16	1	16	2	185	3	5	17			
65	11	{1..3 5 138}	orig	2	11	1	2	3	5	138					
66	19	{6 7 193}	orig	2	19	6	7	193							
67	10	{1..3 5 11 88}	orig	2	10	1	2	3	5	11	88				
68	19	{1..5 203}	orig	2	19	1	2	3	203	4	5				
69	12	{1..5 84}	orig	2	12	1	2	3	4	84	5				
70	13	{1..3 5 6 11}	orig	2	13	1	2	6	3	5	11				
71	19	{1..3 5 11 28 29 187}	orig	2	19	1	2	28	3	5	29	187	11		
72	12	{1..3 5 226}	orig	2	12	1	2	3	5	226					
73	12	{1..3 5 146}	orig	3	12	1	146	2	3	5					
74	12	{14 15 18 75 121}	orig	2	12	121	18	14	15	75					
75	15	{2 3 5 19}	orig	6	15	2	3	19	5						
76	16	{1 3 5}	orig	43	16	1	3	5							
77	10	{4}	orig	6	10	4									
78	22	{6 7 133}	orig	2	22	6	7	133							
79	10	{1..3 5 16 17 146}	orig	2	10	1	146	16	2	3	5	17			
80	28	{1..3 5 292}	orig	2	28	1	2	292	3	5					
81	19	{1..3 5 17 290}	orig	2	19	1	290	2	3	5	17				
82	11	{1..3 5 16 17 176}	orig	2	11	1	16	2	3	5	17	176			
83	10	{1..3 5 294}	orig	2	10	1	2	294	3	5					
84	19	{340}	orig	2	19	340									
85	21	{14}	orig	11	21	14									
86	11	{1..3 5 11 28 29 78 79 387}	orig	2	11	1	2	78	28	79	3	5	29	387	11
87	1	{1}	stub	44	0										
88	1	{1 2}	stub	43	0										
89	1	{1..4}	stub	4	0										
90	1	{1 2 4}	stub	4	0										
91	1	{1 2 4 5}	stub	4	0										
92	1	{1 3}	stub	43	0										
93	1	{1 3 4}	stub	4	0										
94	1	{1 3..5}	stub	4	0										
95	1	{1 4}	stub	4	0										
96	1	{1 4 5}	stub	4	0										
97	1	{1 5}	stub	43	0										
98	1	{2}	stub	49	0										
99	1	{2 3}	stub	48	0										
100	1	{2..4}	stub	4	0										
101	1	{2..5}	stub	4	0										
102	1	{2 4}	stub	4	0										
103	1	{2 4 5}	stub	4	0										
104	1	{2 5}	stub	48	0										
105	1	{3}	stub	49	0										
106	1	{3 4}	stub	4	0										
107	1	{3..5}	stub	4	0										
108	1	{3 5}	stub	48	0										
109	1	{4 5}	stub	4	0										
110	1	{5}	stub	49	0										
111	1	{6 8}	stub	1	0										
112	1	{8}	stub	1	0										
113	1	{8 9}	stub	1	0										
114	1	{9}	stub	3	0										
115	1	{1 10}	stub	1	0										
116	1	{1 2 10}	stub	1	0										
117	1	{1..3 10}	stub	1	0										
118	1	{1..3 5 10}	stub	1	0										
119	1	{1..3 10 11}	stub	1	0										
120	1	{1 2 5 10}	stub	1	0										
121	1	{1 2 5 10 11}	stub	1	0										
122	1	{1 2 10 11}	stub	1	0										
123	1	{1 3 10}	stub	1	0										
124	1	{1 3 5 10}	stub	1	0										
125	1	{1 3 5 10 11}	stub	1	0										
126	1	{1 3 10 11}	stub	1	0										
127	1	{1 5 10}	stub	1	0										
128	1	{1 5 10 11}	stub	1	0										
129	1	{1 10 11}	stub	1	0										
130	1	{1..3 11}	stub	9	0										
131	1	{1 2 5 11}	stub	9	0										
132	1	{1 2 11}	stub	9	0										
133	1	{1 3 5 11}	stub	9	0										
134	1	{1 3 11}	stub	9	0										
135	1	{1 5 11}	stub	9	0										
136	1	{1 11}	stub	9	0										
137	1	{10}	stub	1	0										
138	1	{2 10}	stub	1	0										
139	1	{2 3 10}	stub	1	0										
140	1	{2 3 5 10}	stub	1	0										
141	1	{2 3 5 10 11}	stub	1	0										
142	1	{2 3 10 11}	stub	1	0										
143	1	{2 5 10}	stub	1	0										
144	1	{2 5 10 11}	stub	1	0										
145	1	{2 10 11}	stub	1	0										
146	1	{3 10}	stub	1	0										
147	1	{3 5 10}	stub	1	0										
148	1	{3 5 10 11}	stub	1	0										
149	1	{3 10 11}	stub	1	0										
150	1	{5 10}	stub	1	0										
151	1	{5 10 11}	stub	1	0										
152	1	{10 11}	stub	1	0										
153	1	{2 3 11}	stub	10	0										
154	1	{2 5 11}	stub	10	0										
155	1	{2 11}	stub	10	0										
156	1	{3 5 11}	stub	10	0										
157	1	{3 11}	stub	10	0										
158	1	{5 11}	stub	10	0										
159	1	{11}	stub	10	0										
160	1	{16}	stub	12	0										
161	1	{2 16}	stub	12	0										
162	1	{2 3 16}	stub	12	0										
163	1	{2 3 5 16}	stub	12	0										
164	1	{2 3 16 17}	stub	11	0										
165	1	{2 5 16}	stub	12	0										
166	1	{2 5 16 17}	stub	11	0										
167	1	{2 16 17}	stub	11	0										
168	1	{3 16}	stub	12	0										
169	1	{3 5 16}	stub	12	0										
170	1	{3 5 16 17}	stub	11	0										
171	1	{3 16 17}	stub	11	0										
172	1	{5 16}	stub	12	0										
173	1	{5 16 17}	stub	11	0										
174	1	{16 17}	stub	11	0										
175	1	{2 3 17}	stub	18	0										
176	1	{2 5 17}	stub	18	0										
177	1	{2 17}	stub	18	0										
178	1	{3 5 17}	stub	18	0										
179	1	{3 17}	stub	18	0										
180	1	{5 17}	stub	18	0										
181	1	{17}	stub	18	0										
182	1	{1 16}	stub	11	0										
183	1	{1 2 16}	stub	11	0										
184	1	{1 2 16 18}	stub	1	0										
185	1	{1..3 16 18}	stub	1	0										
186	1	{1..3 5 16 18}	stub	1	0										
187	1	{1..3 16..18}	stub	1	0										
188	1	{1 2 5 16 18}	stub	1	0										
189	1	{1 2 5 16..18}	stub	1	0										
190	1	{1 2 16..18}	stub	1	0										
191	1	{1..3 16}	stub	11	0										
192	1	{1..3 16 17}	stub	10	0										
193	1	{1 2 5 16}	stub	11	0										
194	1	{1 2 5 16 17}	stub	10	0										
195	1	{1 2 16 17}	stub	10	0										
196	1	{1 16 18}	stub	1	0										
197	1	{1 3 16 18}	stub	1	0										
198	1	{1 3 5 16 18}	stub	1	0										
199	1	{1 3 5 16..18}	stub	1	0										
200	1	{1 3 16..18}	stub	1	0										
201	1	{1 5 16 18}	stub	1	0										
202	1	{1 5 16..18}	stub	1	0										
203	1	{1 16..18}	stub	1	0										
204	1	{1 3 16}	stub	11	0										
205	1	{1 3 5 16}	stub	11	0										
206	1	{1 3 5 16 17}	stub	10	0										
207	1	{1 3 16 17}	stub	10	0										
208	1	{1 5 16}	stub	11	0										
209	1	{1 5 16 17}	stub	10	0										
210	1	{1 16 17}	stub	10	0										
211	1	{1 2 18}	stub	1	0										
212	1	{1..3 18}	stub	1	0										
213	1	{1..3 5 18}	stub	1	0										
214	1	{1..3 5 17 18}	stub	1	0										
215	1	{1..3 17 18}	stub	1	0										
216	1	{1 2 5 18}	stub	1	0										
217	1	{1 2 5 17 18}	stub	1	0										
218	1	{1 2 17 18}	stub	1	0										
219	1	{1..3 17}	stub	15	0										
220	1	{1 2 5 17}	stub	15	0										
221	1	{1 2 17}	stub	15	0										
222	1	{1 18}	stub	1	0										
223	1	{1 3 18}	stub	1	0										
224	1	{1 3 5 18}	stub	1	0										
225	1	{1 3 5 17 18}	stub	1	0										
226	1	{1 3 17 18}	stub	1	0										
227	1	{1 5 18}	stub	1	0										
228	1	{1 5 17 18}	stub	1	0										
229	1	{1 17 18}	stub	1	0										
230	1	{1 3 5 17}	stub	15	0										
231	1	{1 3 17}	stub	15	0										
232	1	{1 5 17}	stub	15	0										
233	1	{1 17}	stub	15	0										
234	1	{2 16 18}	stub	1	0										
235	1	{2 3 16 18}	stub	1	0										
236	1	{2 3 5 16 18}	stub	1	0										
237	1	{2 3 5 16..18}	stub	1	0										
238	1	{2 3 16..18}	stub	1	0										
239	1	{2 5 16 18}	stub	1	0										
240	1	{2 5 16..18}	stub	1	0										
241	1	{2 16..18}	stub	1	0										
242	1	{16 18}	stub	1	0										
243	1	{3 16 18}	stub	1	0										
244	1	{3 5 16 18}	stub	1	0										
245	1	{3 5 16..18}	stub	1	0										
246	1	{3 16..18}	stub	1	0										
247	1	{5 16 18}	stub	1	0										
248	1	{5 16..18}	stub	1	0										
249	1	{16..18}	stub	1	0										
250	1	{2 18}	stub	1	0										
251	1	{2 3 18}	stub	1	0										
252	1	{2 3 5 18}	stub	1	0										
253	1	{2 3 5 17 18}	stub	1	0										
254	1	{2 3 17 18}	stub	1	0										
255	1	{2 5 18}	stub	1	0										
256	1	{2 5 17 18}	stub	1	0										
257	1	{2 17 18}	stub	1	0										
258	1	{18}	stub	2	0										
259	1	{3 18}	stub	1	0										
260	1	{3 5 18}	stub	1	0										
261	1	{3 5 17 18}	stub	1	0										
262	1	{3 17 18}	stub	1	0										
263	1	{5 18}	stub	1	0										
264	1	{5 17 18}	stub	1	0										
265	1	{17 18}	stub	1	0										
266	1	{1..3 19}	stub	4	0										
267	1	{1..3 19 20}	stub	1	0										
268	1	{1..3 5 20}	stub	1	0										
269	1	{1..3 20}	stub	1	0										
270	1	{1 2 19}	stub	4	0										
271	1	{1 2 5 19}	stub	4	0										
272	1	{1 2 5 19 20}	stub	1	0										
273	1	{1 2 19 20}	stub	1	0										
274	1	{1 2 5 20}	stub	1	0										
275	1	{1 2 20}	stub	1	0										
276	1	{1 3 19}	stub	4	0										
277	1	{1 3 5 19}	stub	4	0										
278	1	{1 3 5 19 20}	stub	1	0										
279	1	{1 3 19 20}	stub	1	0										
280	1	{1 3 5 20}	stub	1	0										
281	1	{1 3 20}	stub	1	0										
282	1	{1 19}	stub	4	0										
283	1	{1 5 19}	stub	4	0										
284	1	{1 5 19 20}	stub	1	0										
285	1	{1 19 20}	stub	1	0										
286	1	{1 5 20}	stub	1	0										
287	1	{1 20}	stub	1	0										
288	1	{2 3 19}	stub	5	0										
289	1	{2 3 5 19 20}	stub	1	0										
290	1	{2 3 19 20}	stub	1	0										
291	1	{2 3 5 20}	stub	1	0										
292	1	{2 3 20}	stub	1	0										
293	1	{2 19}	stub	5	0										
294	1	{2 5 19}	stub	5	0										
295	1	{2 5 19 20}	stub	1	0										
296	1	{2 19 20}	stub	1	0										
297	1	{2 5 20}	stub	1	0										
298	1	{2 20}	stub	1	0										
299	1	{3 19}	stub	5	0										
300	1	{3 5 19}	stub	5	0										
301	1	{3 5 19 20}	stub	1	0										
302	1	{3 19 20}	stub	1	0										
303	1	{3 5 20}	stub	1	0										
304	1	{3 20}	stub	1	0										
305	1	{19}	stub	5	0										
306	1	{5 19}	stub	5	0										
307	1	{5 19 20}	stub	1	0										
308	1	{19 20}	stub	1	0										
309	1	{5 20}	stub	1	0										
310	1	{20}	stub	1	0										
311	1	{1 2 6}	stub	3	0										
312	1	{1..3 6}	stub	3	0										
313	1	{1 2 5 6}	stub	3	0										
314	1	{1 6}	stub	3	0										
315	1	{1 3 6}	stub	3	0										
316	1	{1 3 5 6}	stub	3	0										
317	1	{1 5 6}	stub	3	0										
318	1	{2 6}	stub	3	0										
319	1	{2 3 6}	stub	3	0										
320	1	{2 3 5 6}	stub	3	0										
321	1	{2 5 6}	stub	3	0										
322	1	{3 6}	stub	3	0										
323	1	{3 5 6}	stub	3	0										
324	1	{5 6}	stub	3	0										
325	1	{1 2 16 25}	stub	1	0										
326	1	{1..3 16 25}	stub	1	0										
327	1	{1..3 5 16 25}	stub	1	0										
328	1	{1..3 16 17 25}	stub	1	0										
329	1	{1 2 5 16 25}	stub	1	0										
330	1	{1 2 5 16 17 25}	stub	1	0										
331	1	{1 2 16 17 25}	stub	1	0										
332	1	{1 16 25}	stub	1	0										
333	1	{1 3 16 25}	stub	1	0										
334	1	{1 3 5 16 25}	stub	1	0										
335	1	{1 3 5 16 17 25}	stub	1	0										
336	1	{1 3 16 17 25}	stub	1	0										
337	1	{1 5 16 25}	stub	1	0										
338	1	{1 5 16 17 25}	stub	1	0										
339	1	{1 16 17 25}	stub	1	0										
340	1	{1 2 25}	stub	1	0										
341	1	{1..3 25}	stub	1	0										
342	1	{1..3 5 25}	stub	1	0										
343	1	{1..3 5 17 25}	stub	1	0										
344	1	{1..3 17 25}	stub	1	0										
345	1	{1 2 5 25}	stub	1	0										
346	1	{1 2 5 17 25}	stub	1	0										
347	1	{1 2 17 25}	stub	1	0										
348	1	{1 25}	stub	1	0										
349	1	{1 3 25}	stub	1	0										
350	1	{1 3 5 25}	stub	1	0										
351	1	{1 3 5 17 25}	stub	1	0										
352	1	{1 3 17 25}	stub	1	0										
353	1	{1 5 25}	stub	1	0										
354	1	{1 5 17 25}	stub	1	0										
355	1	{1 17 25}	stub	1	0										
356	1	{2 16 25}	stub	1	0										
357	1	{2 3 16 25}	stub	1	0										
358	1	{2 3 5 16 25}	stub	1	0										
359	1	{2 3 5 16 17 25}	stub	1	0										
360	1	{2 3 16 17 25}	stub	1	0										
361	1	{2 5 16 25}	stub	1	0										
362	1	{2 5 16 17 25}	stub	1	0										
363	1	{2 16 17 25}	stub	1	0										
364	1	{16 25}	stub	1	0										
365	1	{3 16 25}	stub	1	0										
366	1	{3 5 16 25}	stub	1	0										
367	1	{3 5 16 17 25}	stub	1	0										
368	1	{3 16 17 25}	stub	1	0										
369	1	{5 16 25}	stub	1	0										
370	1	{5 16 17 25}	stub	1	0										
371	1	{16 17 25}	stub	1	0										
372	1	{2 25}	stub	1	0										
373	1	{2 3 25}	stub	1	0										
374	1	{2 3 5 25}	stub	1	0										
375	1	{2 3 5 17 25}	stub	1	0										
376	1	{2 3 17 25}	stub	1	0										
377	1	{2 5 25}	stub	1	0										
378	1	{2 5 17 25}	stub	1	0										
379	1	{2 17 25}	stub	1	0										
380	1	{25}	stub	1	0										
381	1	{3 25}	stub	1	0										
382	1	{3 5 25}	stub	1	0										
383	1	{3 5 17 25}	stub	1	0										
384	1	{3 17 25}	stub	1	0										
385	1	{5 25}	stub	1	0										
386	1	{5 17 25}	stub	1	0										
387	1	{17 25}	stub	1	0										
388	1	{1 2 28}	stub	4	0										
389	1	{1..3 28}	stub	4	0										
390	1	{1..3 5 28}	stub	4	0										
391	1	{1..3 5 28 29}	stub	4	0										
392	1	{1..3 5 11 28}	stub	4	0										
393	1	{1..3 28 29}	stub	4	0										
394	1	{1..3 11 28 29}	stub	4	0										
395	1	{1..3 11 28}	stub	4	0										
396	1	{1 2 5 28}	stub	4	0										
397	1	{1 2 5 28 29}	stub	4	0										
398	1	{1 2 5 11 28 29}	stub	4	0										
399	1	{1 2 5 11 28}	stub	4	0										
400	1	{1 2 28 29}	stub	4	0										
401	1	{1 2 11 28 29}	stub	4	0										
402	1	{1 2 11 28}	stub	4	0										
403	1	{1..3 5 29}	stub	4	0										
404	1	{1..3 5 11 29}	stub	4	0										
405	1	{1..3 29}	stub	4	0										
406	1	{1..3 11 29}	stub	4	0										
407	1	{1 2 5 29}	stub	4	0										
408	1	{1 2 5 11 29}	stub	4	0										
409	1	{1 2 29}	stub	4	0										
410	1	{1 2 11 29}	stub	4	0										
411	1	{1 28}	stub	4	0										
412	1	{1 3 28}	stub	4	0										
413	1	{1 3 5 28}	stub	4	0										
414	1	{1 3 5 28 29}	stub	4	0										
415	1	{1 3 5 11 28 29}	stub	4	0										
416	1	{1 3 5 11 28}	stub	4	0										
417	1	{1 3 28 29}	stub	4	0										
418	1	{1 3 11 28 29}	stub	4	0										
419	1	{1 3 11 28}	stub	4	0										
420	1	{1 5 28}	stub	4	0										
421	1	{1 5 28 29}	stub	4	0										
422	1	{1 5 11 28 29}	stub	4	0										
423	1	{1 5 11 28}	stub	4	0										
424	1	{1 28 29}	stub	4	0										
425	1	{1 11 28 29}	stub	4	0										
426	1	{1 11 28}	stub	4	0										
427	1	{1 3 5 29}	stub	4	0										
428	1	{1 3 5 11 29}	stub	4	0										
429	1	{1 3 29}	stub	4	0										
430	1	{1 3 11 29}	stub	4	0										
431	1	{1 5 29}	stub	4	0										
432	1	{1 5 11 29}	stub	4	0										
433	1	{1 29}	stub	4	0										
434	1	{1 11 29}	stub	4	0										
435	1	{2 28}	stub	4	0										
436	1	{2 3 28}	stub	4	0										
437	1	{2 3 5 28}	stub	4	0										
438	1	{2 3 5 28 29}	stub	4	0										
439	1	{2 3 5 11 28 29}	stub	4	0										
440	1	{2 3 5 11 28}	stub	4	0										
441	1	{2 3 28 29}	stub	4	0										
442	1	{2 3 11 28 29}	stub	4	0										
443	1	{2 3 11 28}	stub	4	0										
444	1	{2 5 28}	stub	4	0										
445	1	{2 5 28 29}	stub	4	0										
446	1	{2 5 11 28 29}	stub	4	0										
447	1	{2 5 11 28}	stub	4	0										
448	1	{2 28 29}	stub	4	0										
449	1	{2 11 28 29}	stub	4	0										
450	1	{2 11 28}	stub	4	0										
451	1	{2 3 5 29}	stub	4	0										
452	1	{2 3 5 11 29}	stub	4	0										
453	1	{2 3 29}	stub	4	0										
454	1	{2 3 11 29}	stub	4	0										
455	1	{2 5 29}	stub	4	0										
456	1	{2 5 11 29}	stub	4	0										
457	1	{2 29}	stub	4	0										
458	1	{2 11 29}	stub	4	0										
459	1	{28}	stub	4	0										
460	1	{3 28}	stub	4	0										
461	1	{3 5 28}	stub	4	0										
462	1	{3 5 28 29}	stub	4	0										
463	1	{3 5 11 28 29}	stub	4	0										
464	1	{3 5 11 28}	stub	4	0										
465	1	{3 28 29}	stub	4	0										
466	1	{3 11 28 29}	stub	4	0										
467	1	{3 11 28}	stub	4	0										
468	1	{5 28}	stub	4	0										
469	1	{5 28 29}	stub	4	0										
470	1	{5 11 28 29}	stub	4	0										
471	1	{5 11 28}	stub	4	0										
472	1	{28 29}	stub	4	0										
473	1	{11 28 29}	stub	4	0										
474	1	{11 28}	stub	4	0										
475	1	{3 5 29}	stub	4	0										
476	1	{3 5 11 29}	stub	4	0										
477	1	{3 29}	stub	4	0										
478	1	{3 11 29}	stub	4	0										
479	1	{5 29}	stub	4	0										
480	1	{5 11 29}	stub	4	0										
481	1	{29}	stub	4	0										
482	1	{11 29}	stub	4	0										
483	1	{6 30}	stub	1	0										
484	1	{7 30}	stub	1	0										
485	1	{30}	stub	1	0										
486	1	{1..3 33}	stub	2	0										
487	1	{1..3 5 33}	stub	2	0										
488	1	{1..3 17 33}	stub	2	0										
489	1	{1 2 33}	stub	2	0										
490	1	{1 2 5 33}	stub	2	0										
491	1	{1 2 5 17 33}	stub	2	0										
492	1	{1 2 17 33}	stub	2	0										
493	1	{1 3 33}	stub	2	0										
494	1	{1 3 5 33}	stub	2	0										
495	1	{1 3 5 17 33}	stub	2	0										
496	1	{1 3 17 33}	stub	2	0										
497	1	{1 33}	stub	2	0										
498	1	{1 5 33}	stub	2	0										
499	1	{1 5 17 33}	stub	2	0										
500	1	{1 17 33}	stub	2	0										
501	1	{2 3 33}	stub	3	0										
502	1	{2 3 5 33}	stub	3	0										
503	1	{2 3 17 33}	stub	3	0										
504	1	{2 33}	stub	3	0										
505	1	{2 5 33}	stub	3	0										
506	1	{2 5 17 33}	stub	3	0										
507	1	{2 17 33}	stub	3	0										
508	1	{3 33}	stub	3	0										
509	1	{3 5 33}	stub	3	0										
510	1	{3 5 17 33}	stub	3	0										
511	1	{3 17 33}	stub	3	0										
512	1	{33}	stub	3	0										
513	1	{5 33}	stub	3	0										
514	1	{5 17 33}	stub	3	0										
515	1	{17 33}	stub	3	0										
516	1	{1 2 6 16}	stub	1	0										
517	1	{1..3 6 16}	stub	1	0										
518	1	{1..3 5 6 16}	stub	1	0										
519	1	{1..3 6 16 17}	stub	1	0										
520	1	{1 2 5 6 16}	stub	1	0										
521	1	{1 2 5 6 16 17}	stub	1	0										
522	1	{1 2 6 16 17}	stub	1	0										
523	1	{1 6 16}	stub	1	0										
524	1	{1 3 6 16}	stub	1	0										
525	1	{1 3 5 6 16}	stub	1	0										
526	1	{1 3 5 6 16 17}	stub	1	0										
527	1	{1 3 6 16 17}	stub	1	0										
528	1	{1 5 6 16}	stub	1	0										
529	1	{1 5 6 16 17}	stub	1	0										
530	1	{1 6 16 17}	stub	1	0										
531	1	{1..3 5 6 17}	stub	1	0										
532	1	{1..3 6 17}	stub	1	0										
533	1	{1 2 5 6 17}	stub	1	0										
534	1	{1 2 6 17}	stub	1	0										
535	1	{1 3 5 6 17}	stub	1	0										
536	1	{1 3 6 17}	stub	1	0										
537	1	{1 5 6 17}	stub	1	0										
538	1	{1 6 17}	stub	1	0										
539	1	{2 6 16}	stub	1	0										
540	1	{2 3 6 16}	stub	1	0										
541	1	{2 3 5 6 16}	stub	1	0										
542	1	{2 3 5 6 16 17}	stub	1	0										
543	1	{2 3 6 16 17}	stub	1	0										
544	1	{2 5 6 16}	stub	1	0										
545	1	{2 5 6 16 17}	stub	1	0										
546	1	{2 6 16 17}	stub	1	0										
547	1	{6 16}	stub	1	0										
548	1	{3 6 16}	stub	1	0										
549	1	{3 5 6 16}	stub	1	0										
550	1	{3 5 6 16 17}	stub	1	0										
551	1	{3 6 16 17}	stub	1	0										
552	1	{5 6 16}	stub	1	0										
553	1	{5 6 16 17}	stub	1	0										
554	1	{6 16 17}	stub	1	0										
555	1	{2 3 5 6 17}	stub	1	0										
556	1	{2 3 6 17}	stub	1	0										
557	1	{2 5 6 17}	stub	1	0										
558	1	{2 6 17}	stub	1	0										
559	1	{3 5 6 17}	stub	1	0										
560	1	{3 6 17}	stub	1	0										
561	1	{5 6 17}	stub	1	0										
562	1	{6 17}	stub	1	0										
563	1	{1..3 39}	stub	1	0										
564	1	{1 2 39}	stub	1	0										
565	1	{1 2 5 39}	stub	1	0										
566	1	{1 3 39}	stub	1	0										
567	1	{1 3 5 39}	stub	1	0										
568	1	{1 39}	stub	1	0										
569	1	{1 5 39}	stub	1	0										
570	1	{2 3 39}	stub	1	0										
571	1	{2 3 5 39}	stub	1	0										
572	1	{2 39}	stub	1	0										
573	1	{2 5 39}	stub	1	0										
574	1	{3 39}	stub	1	0										
575	1	{3 5 39}	stub	1	0										
576	1	{39}	stub	1	0										
577	1	{5 39}	stub	1	0										
578	1	{14 47}	stub	1	0										
579	1	{47}	stub	1	0										
580	1	{15 47}	stub	1	0										
581	1	{6 14}	stub	1	0										
582	1	{6 15}	stub	1	0										
583	1	{1 2 16 56}	stub	1	0										
584	1	{1..3 16 56}	stub	1	0										
585	1	{1..3 5 16 56}	stub	1	0										
586	1	{1..3 16 17 56}	stub	1	0										
587	1	{1 2 5 16 56}	stub	1	0										
588	1	{1 2 5 16 17 56}	stub	1	0										
589	1	{1 2 16 17 56}	stub	1	0										
590	1	{1 16 56}	stub	1	0										
591	1	{1 3 16 56}	stub	1	0										
592	1	{1 3 5 16 56}	stub	1	0										
593	1	{1 3 5 16 17 56}	stub	1	0										
594	1	{1 3 16 17 56}	stub	1	0										
595	1	{1 5 16 56}	stub	1	0										
596	1	{1 5 16 17 56}	stub	1	0										
597	1	{1 16 17 56}	stub	1	0										
598	1	{1 2 56}	stub	1	0										
599	1	{1..3 56}	stub	1	0										
600	1	{1..3 5 56}	stub	1	0										
601	1	{1..3 5 17 56}	stub	1	0										
602	1	{1..3 17 56}	stub	1	0										
603	1	{1 2 5 56}	stub	1	0										
604	1	{1 2 5 17 56}	stub	1	0										
605	1	{1 2 17 56}	stub	1	0										
606	1	{1 56}	stub	1	0										
607	1	{1 3 56}	stub	1	0										
608	1	{1 3 5 56}	stub	1	0										
609	1	{1 3 5 17 56}	stub	1	0										
610	1	{1 3 17 56}	stub	1	0										
611	1	{1 5 56}	stub	1	0										
612	1	{1 5 17 56}	stub	1	0										
613	1	{1 17 56}	stub	1	0										
614	1	{2 16 56}	stub	1	0										
615	1	{2 3 16 56}	stub	1	0										
616	1	{2 3 5 16 56}	stub	1	0										
617	1	{2 3 5 16 17 56}	stub	1	0										
618	1	{2 3 16 17 56}	stub	1	0										
619	1	{2 5 16 56}	stub	1	0										
620	1	{2 5 16 17 56}	stub	1	0										
621	1	{2 16 17 56}	stub	1	0										
622	1	{16 56}	stub	1	0										
623	1	{3 16 56}	stub	1	0										
624	1	{3 5 16 56}	stub	1	0										
625	1	{3 5 16 17 56}	stub	1	0										
626	1	{3 16 17 56}	stub	1	0										
627	1	{5 16 56}	stub	1	0										
628	1	{5 16 17 56}	stub	1	0										
629	1	{16 17 56}	stub	1	0										
630	1	{2 56}	stub	1	0										
631	1	{2 3 56}	stub	1	0										
632	1	{2 3 5 56}	stub	1	0										
633	1	{2 3 5 17 56}	stub	1	0										
634	1	{2 3 17 56}	stub	1	0										
635	1	{2 5 56}	stub	1	0										
636	1	{2 5 17 56}	stub	1	0										
637	1	{2 17 56}	stub	1	0										
638	1	{56}	stub	1	0										
639	1	{3 56}	stub	1	0										
640	1	{3 5 56}	stub	1	0										
641	1	{3 5 17 56}	stub	1	0										
642	1	{3 17 56}	stub	1	0										
643	1	{5 56}	stub	1	0										
644	1	{5 17 56}	stub	1	0										
645	1	{17 56}	stub	1	0										
646	1	{7 14}	stub	2	0										
647	1	{7 14 15}	stub	2	0										
648	1	{7 9 14 15}	stub	1	0										
649	1	{7 9 14}	stub	1	0										
650	1	{7 9 14 22}	stub	1	0										
651	1	{7 14 22}	stub	2	0										
652	1	{9 14 15}	stub	1	0										
653	1	{9 14 15 22}	stub	1	0										
654	1	{14 15 22}	stub	2	0										
655	1	{9 14}	stub	1	0										
656	1	{9 14 22}	stub	1	0										
657	1	{14 22}	stub	2	0										
658	1	{7 15}	stub	2	0										
659	1	{7 9 15}	stub	1	0										
660	1	{7 9 15 22}	stub	1	0										
661	1	{7 15 22}	stub	2	0										
662	1	{7 9}	stub	1	0										
663	1	{7 9 22}	stub	1	0										
664	1	{7 22}	stub	2	0										
665	1	{9 15}	stub	1	0										
666	1	{9 15 22}	stub	1	0										
667	1	{15 22}	stub	2	0										
668	1	{9 22}	stub	1	0										
669	1	{22}	stub	2	0										
670	1	{62}	stub	1	0										
671	1	{6 62}	stub	1	0										
672	1	{7 62}	stub	1	0										
673	1	{6 27}	stub	1	0										
674	1	{27}	stub	2	0										
675	1	{27 55}	stub	1	0										
676	1	{1..3 16 76}	stub	1	0										
677	1	{1..3 5 16 76}	stub	1	0										
678	1	{1..3 16 17 76}	stub	1	0										
679	1	{1 2 16 76}	stub	1	0										
680	1	{1 2 5 16 76}	stub	1	0										
681	1	{1 2 5 16 17 76}	stub	1	0										
682	1	{1 2 16 17 76}	stub	1	0										
683	1	{1 3 16 76}	stub	1	0										
684	1	{1 3 5 16 76}	stub	1	0										
685	1	{1 3 5 16 17 76}	stub	1	0										
686	1	{1 3 16 17 76}	stub	1	0										
687	1	{1 16 76}	stub	1	0										
688	1	{1 5 16 76}	stub	1	0										
689	1	{1 5 16 17 76}	stub	1	0										
690	1	{1 16 17 76}	stub	1	0										
691	1	{1..3 76}	stub	1	0										
692	1	{1..3 5 76}	stub	1	0										
693	1	{1..3 5 17 76}	stub	1	0										
694	1	{1..3 17 76}	stub	1	0										
695	1	{1 2 76}	stub	1	0										
696	1	{1 2 5 76}	stub	1	0										
697	1	{1 2 5 17 76}	stub	1	0										
698	1	{1 2 17 76}	stub	1	0										
699	1	{1 3 76}	stub	1	0										
700	1	{1 3 5 76}	stub	1	0										
701	1	{1 3 5 17 76}	stub	1	0										
702	1	{1 3 17 76}	stub	1	0										
703	1	{1 76}	stub	1	0										
704	1	{1 5 76}	stub	1	0										
705	1	{1 5 17 76}	stub	1	0										
706	1	{1 17 76}	stub	1	0										
707	1	{2 3 16 76}	stub	1	0										
708	1	{2 3 5 16 76}	stub	1	0										
709	1	{2 3 5 16 17 76}	stub	1	0										
710	1	{2 3 16 17 76}	stub	1	0										
711	1	{2 16 76}	stub	1	0										
712	1	{2 5 16 76}	stub	1	0										
713	1	{2 5 16 17 76}	stub	1	0										
714	1	{2 16 17 76}	stub	1	0										
715	1	{3 16 76}	stub	1	0										
716	1	{3 5 16 76}	stub	1	0										
717	1	{3 5 16 17 76}	stub	1	0										
718	1	{3 16 17 76}	stub	1	0										
719	1	{16 76}	stub	1	0										
720	1	{5 16 76}	stub	1	0										
721	1	{5 16 17 76}	stub	1	0										
722	1	{16 17 76}	stub	1	0										
723	1	{2 3 76}	stub	1	0										
724	1	{2 3 5 76}	stub	1	0										
725	1	{2 3 5 17 76}	stub	1	0										
726	1	{2 3 17 76}	stub	1	0										
727	1	{2 76}	stub	1	0										
728	1	{2 5 76}	stub	1	0										
729	1	{2 5 17 76}	stub	1	0										
730	1	{2 17 76}	stub	1	0										
731	1	{3 76}	stub	1	0										
732	1	{3 5 76}	stub	1	0										
733	1	{3 5 17 76}	stub	1	0										
734	1	{3 17 76}	stub	1	0										
735	1	{76}	stub	1	0										
736	1	{5 76}	stub	1	0										
737	1	{5 17 76}	stub	1	0										
738	1	{17 76}	stub	1	0										
739	1	{1 2 78}	stub	2	0										
740	1	{1 2 28 78}	stub	2	0										
741	1	{1 2 28 78 79}	stub	2	0										
742	1	{1..3 28 78 79}	stub	2	0										
743	1	{1..3 5 28 78 79}	stub	2	0										
744	1	{1..3 5 28 29 78 79}	stub	2	0										
745	1	{1..3 5 11 28 78 79}	stub	2	0										
746	1	{1..3 28 29 78 79}	stub	2	0										
747	1	{1..3 11 28 29 78 79}	stub	2	0										
748	1	{1..3 11 28 78 79}	stub	2	0										
749	1	{1 2 5 28 78 79}	stub	2	0										
750	1	{1 2 5 28 29 78 79}	stub	2	0										
751	1	{1 2 5 11 28 29 78 79}	stub	2	0										
752	1	{1 2 5 11 28 78 79}	stub	2	0										
753	1	{1 2 28 29 78 79}	stub	2	0										
754	1	{1 2 11 28 29 78 79}	stub	2	0										
755	1	{1 2 11 28 78 79}	stub	2	0										
756	1	{1..3 28 78}	stub	2	0										
757	1	{1..3 5 28 78}	stub	2	0										
758	1	{1..3 5 28 29 78}	stub	2	0										
759	1	{1..3 5 11 28 29 78}	stub	2	0										
760	1	{1..3 5 11 28 78}	stub	2	0										
761	1	{1..3 28 29 78}	stub	2	0										
762	1	{1..3 11 28 29 78}	stub	2	0										
763	1	{1..3 11 28 78}	stub	2	0										
764	1	{1 2 5 28 78}	stub	2	0										
765	1	{1 2 5 28 29 78}	stub	2	0										
766	1	{1 2 5 11 28 29 78}	stub	2	0										
767	1	{1 2 5 11 28 78}	stub	2	0										
768	1	{1 2 28 29 78}	stub	2	0										
769	1	{1 2 11 28 29 78}	stub	2	0										
770	1	{1 2 11 28 78}	stub	2	0										
771	1	{1 2 78 79}	stub	2	0										
772	1	{1..3 78 79}	stub	2	0										
773	1	{1..3 5 78 79}	stub	2	0										
774	1	{1..3 5 29 78 79}	stub	2	0										
775	1	{1..3 5 11 29 78 79}	stub	2	0										
776	1	{1..3 5 11 78 79}	stub	2	0										
777	1	{1..3 29 78 79}	stub	2	0										
778	1	{1..3 11 29 78 79}	stub	2	0										
779	1	{1..3 11 78 79}	stub	2	0										
780	1	{1 2 5 78 79}	stub	2	0										
781	1	{1 2 5 29 78 79}	stub	2	0										
782	1	{1 2 5 11 29 78 79}	stub	2	0										
783	1	{1 2 5 11 78 79}	stub	2	0										
784	1	{1 2 29 78 79}	stub	2	0										
785	1	{1 2 11 29 78 79}	stub	2	0										
786	1	{1 2 11 78 79}	stub	2	0										
787	1	{1..3 78}	stub	2	0										
788	1	{1..3 5 78}	stub	2	0										
789	1	{1..3 5 29 78}	stub	2	0										
790	1	{1..3 5 11 29 78}	stub	2	0										
791	1	{1..3 5 11 78}	stub	2	0										
792	1	{1..3 29 78}	stub	2	0										
793	1	{1..3 11 29 78}	stub	2	0										
794	1	{1..3 11 78}	stub	2	0										
795	1	{1 2 5 78}	stub	2	0										
796	1	{1 2 5 29 78}	stub	2	0										
797	1	{1 2 5 11 29 78}	stub	2	0										
798	1	{1 2 5 11 78}	stub	2	0										
799	1	{1 2 29 78}	stub	2	0										
800	1	{1 2 11 29 78}	stub	2	0										
801	1	{1 2 11 78}	stub	2	0										
802	1	{1 2 28 79}	stub	2	0										
803	1	{1..3 28 79}	stub	2	0										
804	1	{1..3 5 28 79}	stub	2	0										
805	1	{1..3 5 28 29 79}	stub	2	0										
806	1	{1..3 5 11 28 29 79}	stub	2	0										
807	1	{1..3 5 11 28 79}	stub	2	0										
808	1	{1..3 28 29 79}	stub	2	0										
809	1	{1..3 11 28 29 79}	stub	2	0										
810	1	{1..3 11 28 79}	stub	2	0										
811	1	{1 2 5 28 79}	stub	2	0										
812	1	{1 2 5 28 29 79}	stub	2	0										
813	1	{1 2 5 11 28 29 79}	stub	2	0										
814	1	{1 2 5 11 28 79}	stub	2	0										
815	1	{1 2 28 29 79}	stub	2	0										
816	1	{1 2 11 28 29 79}	stub	2	0										
817	1	{1 2 11 28 79}	stub	2	0										
818	1	{1 2 79}	stub	2	0										
819	1	{1..3 79}	stub	2	0										
820	1	{1..3 5 79}	stub	2	0										
821	1	{1..3 5 29 79}	stub	2	0										
822	1	{1..3 5 11 29 79}	stub	2	0										
823	1	{1..3 5 11 79}	stub	2	0										
824	1	{1..3 29 79}	stub	2	0										
825	1	{1..3 11 29 79}	stub	2	0										
826	1	{1..3 11 79}	stub	2	0										
827	1	{1 2 5 79}	stub	2	0										
828	1	{1 2 5 29 79}	stub	2	0										
829	1	{1 2 5 11 29 79}	stub	2	0										
830	1	{1 2 5 11 79}	stub	2	0										
831	1	{1 2 29 79}	stub	2	0										
832	1	{1 2 11 29 79}	stub	2	0										
833	1	{1 2 11 79}	stub	2	0										
834	1	{1 78}	stub	2	0										
835	1	{1 28 78}	stub	2	0										
836	1	{1 28 78 79}	stub	2	0										
837	1	{1 3 28 78 79}	stub	2	0										
838	1	{1 3 5 28 78 79}	stub	2	0										
839	1	{1 3 5 28 29 78 79}	stub	2	0										
840	1	{1 3 5 11 28 29 78 79}	stub	2	0										
841	1	{1 3 5 11 28 78 79}	stub	2	0										
842	1	{1 3 28 29 78 79}	stub	2	0										
843	1	{1 3 11 28 29 78 79}	stub	2	0										
844	1	{1 3 11 28 78 79}	stub	2	0										
845	1	{1 5 28 78 79}	stub	2	0										
846	1	{1 5 28 29 78 79}	stub	2	0										
847	1	{1 5 11 28 29 78 79}	stub	2	0										
848	1	{1 5 11 28 78 79}	stub	2	0										
849	1	{1 28 29 78 79}	stub	2	0										
850	1	{1 11 28 29 78 79}	stub	2	0										
851	1	{1 11 28 78 79}	stub	2	0										
852	1	{1 3 28 78}	stub	2	0										
853	1	{1 3 5 28 78}	stub	2	0										
854	1	{1 3 5 28 29 78}	stub	2	0										
855	1	{1 3 5 11 28 29 78}	stub	2	0										
856	1	{1 3 5 11 28 78}	stub	2	0										
857	1	{1 3 28 29 78}	stub	2	0										
858	1	{1 3 11 28 29 78}	stub	2	0										
859	1	{1 3 11 28 78}	stub	2	0										
860	1	{1 5 28 78}	stub	2	0										
861	1	{1 5 28 29 78}	stub	2	0										
862	1	{1 5 11 28 29 78}	stub	2	0										
863	1	{1 5 11 28 78}	stub	2	0										
864	1	{1 28 29 78}	stub	2	0										
865	1	{1 11 28 29 78}	stub	2	0										
866	1	{1 11 28 78}	stub	2	0										
867	1	{1 78 79}	stub	2	0										
868	1	{1 3 78 79}	stub	2	0										
869	1	{1 3 5 78 79}	stub	2	0										
870	1	{1 3 5 29 78 79}	stub	2	0										
871	1	{1 3 5 11 29 78 79}	stub	2	0										
872	1	{1 3 5 11 78 79}	stub	2	0										
873	1	{1 3 29 78 79}	stub	2	0										
874	1	{1 3 11 29 78 79}	stub	2	0										
875	1	{1 3 11 78 79}	stub	2	0										
876	1	{1 5 78 79}	stub	2	0										
877	1	{1 5 29 78 79}	stub	2	0										
878	1	{1 5 11 29 78 79}	stub	2	0										
879	1	{1 5 11 78 79}	stub	2	0										
880	1	{1 29 78 79}	stub	2	0										
881	1	{1 11 29 78 79}	stub	2	0										
882	1	{1 11 78 79}	stub	2	0										
883	1	{1 3 78}	stub	2	0										
884	1	{1 3 5 78}	stub	2	0										
885	1	{1 3 5 29 78}	stub	2	0										
886	1	{1 3 5 11 29 78}	stub	2	0										
887	1	{1 3 5 11 78}	stub	2	0										
888	1	{1 3 29 78}	stub	2	0										
889	1	{1 3 11 29 78}	stub	2	0										
890	1	{1 3 11 78}	stub	2	0										
891	1	{1 5 78}	stub	2	0										
892	1	{1 5 29 78}	stub	2	0										
893	1	{1 5 11 29 78}	stub	2	0										
894	1	{1 5 11 78}	stub	2	0										
895	1	{1 29 78}	stub	2	0										
896	1	{1 11 29 78}	stub	2	0										
897	1	{1 11 78}	stub	2	0										
898	1	{1 28 79}	stub	2	0										
899	1	{1 3 28 79}	stub	2	0										
900	1	{1 3 5 28 79}	stub	2	0										
901	1	{1 3 5 28 29 79}	stub	2	0										
902	1	{1 3 5 11 28 29 79}	stub	2	0										
903	1	{1 3 5 11 28 79}	stub	2	0										
904	1	{1 3 28 29 79}	stub	2	0										
905	1	{1 3 11 28 29 79}	stub	2	0										
906	1	{1 3 11 28 79}	stub	2	0										
907	1	{1 5 28 79}	stub	2	0										
908	1	{1 5 28 29 79}	stub	2	0										
909	1	{1 5 11 28 29 79}	stub	2	0										
910	1	{1 5 11 28 79}	stub	2	0										
911	1	{1 28 29 79}	stub	2	0										
912	1	{1 11 28 29 79}	stub	2	0										
913	1	{1 11 28 79}	stub	2	0										
914	1	{1 79}	stub	2	0										
915	1	{1 3 79}	stub	2	0										
916	1	{1 3 5 79}	stub	2	0										
917	1	{1 3 5 29 79}	stub	2	0										
918	1	{1 3 5 11 29 79}	stub	2	0										
919	1	{1 3 5 11 79}	stub	2	0										
920	1	{1 3 29 79}	stub	2	0										
921	1	{1 3 11 29 79}	stub	2	0										
922	1	{1 3 11 79}	stub	2	0										
923	1	{1 5 79}	stub	2	0										
924	1	{1 5 29 79}	stub	2	0										
925	1	{1 5 11 29 79}	stub	2	0										
926	1	{1 5 11 79}	stub	2	0										
927	1	{1 29 79}	stub	2	0										
928	1	{1 11 29 79}	stub	2	0										
929	1	{1 11 79}	stub	2	0										
930	1	{2 78}	stub	2	0										
931	1	{2 28 78}	stub	2	0										
932	1	{2 28 78 79}	stub	2	0										
933	1	{2 3 28 78 79}	stub	2	0										
934	1	{2 3 5 28 78 79}	stub	2	0										
935	1	{2 3 5 28 29 78 79}	stub	2	0										
936	1	{2 3 5 11 28 29 78 79}	stub	2	0										
937	1	{2 3 5 11 28 78 79}	stub	2	0										
938	1	{2 3 28 29 78 79}	stub	2	0										
939	1	{2 3 11 28 29 78 79}	stub	2	0										
940	1	{2 3 11 28 78 79}	stub	2	0										
941	1	{2 5 28 78 79}	stub	2	0										
942	1	{2 5 28 29 78 79}	stub	2	0										
943	1	{2 5 11 28 29 78 79}	stub	2	0										
944	1	{2 5 11 28 78 79}	stub	2	0										
945	1	{2 28 29 78 79}	stub	2	0										
946	1	{2 11 28 29 78 79}	stub	2	0										
947	1	{2 11 28 78 79}	stub	2	0										
948	1	{2 3 28 78}	stub	2	0										
949	1	{2 3 5 28 78}	stub	2	0										
950	1	{2 3 5 28 29 78}	stub	2	0										
951	1	{2 3 5 11 28 29 78}	stub	2	0										
952	1	{2 3 5 11 28 78}	stub	2	0										
953	1	{2 3 28 29 78}	stub	2	0										
954	1	{2 3 11 28 29 78}	stub	2	0										
955	1	{2 3 11 28 78}	stub	2	0										
956	1	{2 5 28 78}	stub	2	0										
957	1	{2 5 28 29 78}	stub	2	0										
958	1	{2 5 11 28 29 78}	stub	2	0										
959	1	{2 5 11 28 78}	stub	2	0										
960	1	{2 28 29 78}	stub	2	0										
961	1	{2 11 28 29 78}	stub	2	0										
962	1	{2 11 28 78}	stub	2	0										
963	1	{2 78 79}	stub	2	0										
964	1	{2 3 78 79}	stub	2	0										
965	1	{2 3 5 78 79}	stub	2	0										
966	1	{2 3 5 29 78 79}	stub	2	0										
967	1	{2 3 5 11 29 78 79}	stub	2	0										
968	1	{2 3 5 11 78 79}	stub	2	0										
969	1	{2 3 29 78 79}	stub	2	0										
970	1	{2 3 11 29 78 79}	stub	2	0										
971	1	{2 3 11 78 79}	stub	2	0										
972	1	{2 5 78 79}	stub	2	0										
973	1	{2 5 29 78 79}	stub	2	0										
974	1	{2 5 11 29 78 79}	stub	2	0										
975	1	{2 5 11 78 79}	stub	2	0										
976	1	{2 29 78 79}	stub	2	0										
977	1	{2 11 29 78 79}	stub	2	0										
978	1	{2 11 78 79}	stub	2	0										
979	1	{2 3 78}	stub	2	0										
980	1	{2 3 5 78}	stub	2	0										
981	1	{2 3 5 29 78}	stub	2	0										
982	1	{2 3 5 11 29 78}	stub	2	0										
983	1	{2 3 5 11 78}	stub	2	0										
984	1	{2 3 29 78}	stub	2	0										
985	1	{2 3 11 29 78}	stub	2	0										
986	1	{2 3 11 78}	stub	2	0										
987	1	{2 5 78}	stub	2	0										
988	1	{2 5 29 78}	stub	2	0										
989	1	{2 5 11 29 78}	stub	2	0										
990	1	{2 5 11 78}	stub	2	0										
991	1	{2 29 78}	stub	2	0										
992	1	{2 11 29 78}	stub	2	0										
993	1	{2 11 78}	stub	2	0										
994	1	{2 28 79}	stub	2	0										
995	1	{2 3 28 79}	stub	2	0										
996	1	{2 3 5 28 79}	stub	2	0										
997	1	{2 3 5 28 29 79}	stub	2	0										
998	1	{2 3 5 11 28 29 79}	stub	2	0										
999	1	{2 3 5 11 28 79}	stub	2	0										
1000	1	{2 3 28 29 79}	stub	2	0										
1001	1	{2 3 11 28 29 79}	stub	2	0										
1002	1	{2 3 11 28 79}	stub	2	0										
1003	1	{2 5 28 79}	stub	2	0										
1004	1	{2 5 28 29 79}	stub	2	0										
1005	1	{2 5 11 28 29 79}	stub	2	0										
1006	1	{2 5 11 28 79}	stub	2	0										
1007	1	{2 28 29 79}	stub	2	0										
1008	1	{2 11 28 29 79}	stub	2	0										
1009	1	{2 11 28 79}	stub	2	0										
1010	1	{2 79}	stub	2	0										
1011	1	{2 3 79}	stub	2	0										
1012	1	{2 3 5 79}	stub	2	0										
1013	1	{2 3 5 29 79}	stub	2	0										
1014	1	{2 3 5 11 29 79}	stub	2	0										
1015	1	{2 3 5 11 79}	stub	2	0										
1016	1	{2 3 29 79}	stub	2	0										
1017	1	{2 3 11 29 79}	stub	2	0										
1018	1	{2 3 11 79}	stub	2	0										
1019	1	{2 5 79}	stub	2	0										
1020	1	{2 5 29 79}	stub	2	0										
1021	1	{2 5 11 29 79}	stub	2	0										
1022	1	{2 5 11 79}	stub	2	0										
1023	1	{2 29 79}	stub	2	0										
1024	1	{2 11 29 79}	stub	2	0										
1025	1	{2 11 79}	stub	2	0										
1026	1	{78}	stub	2	0										
1027	1	{28 78}	stub	2	0										
1028	1	{28 78 79}	stub	2	0										
1029	1	{3 28 78 79}	stub	2	0										
1030	1	{3 5 28 78 79}	stub	2	0										
1031	1	{3 5 28 29 78 79}	stub	2	0										
1032	1	{3 5 11 28 29 78 79}	stub	2	0										
1033	1	{3 5 11 28 78 79}	stub	2	0										
1034	1	{3 28 29 78 79}	stub	2	0										
1035	1	{3 11 28 29 78 79}	stub	2	0										
1036	1	{3 11 28 78 79}	stub	2	0										
1037	1	{5 28 78 79}	stub	2	0										
1038	1	{5 28 29 78 79}	stub	2	0										
1039	1	{5 11 28 29 78 79}	stub	2	0										
1040	1	{5 11 28 78 79}	stub	2	0										
1041	1	{28 29 78 79}	stub	2	0										
1042	1	{11 28 29 78 79}	stub	2	0										
1043	1	{11 28 78 79}	stub	2	0										
1044	1	{3 28 78}	stub	2	0										
1045	1	{3 5 28 78}	stub	2	0										
1046	1	{3 5 28 29 78}	stub	2	0										
1047	1	{3 5 11 28 29 78}	stub	2	0										
1048	1	{3 5 11 28 78}	stub	2	0										
1049	1	{3 28 29 78}	stub	2	0										
1050	1	{3 11 28 29 78}	stub	2	0										
1051	1	{3 11 28 78}	stub	2	0										
1052	1	{5 28 78}	stub	2	0										
1053	1	{5 28 29 78}	stub	2	0										
1054	1	{5 11 28 29 78}	stub	2	0										
1055	1	{5 11 28 78}	stub	2	0										
1056	1	{28 29 78}	stub	2	0										
1057	1	{11 28 29 78}	stub	2	0										
1058	1	{11 28 78}	stub	2	0										
1059	1	{78 79}	stub	2	0										
1060	1	{3 78 79}	stub	2	0										
1061	1	{3 5 78 79}	stub	2	0										
1062	1	{3 5 29 78 79}	stub	2	0										
1063	1	{3 5 11 29 78 79}	stub	2	0										
1064	1	{3 5 11 78 79}	stub	2	0										
1065	1	{3 29 78 79}	stub	2	0										
1066	1	{3 11 29 78 79}	stub	2	0										
1067	1	{3 11 78 79}	stub	2	0										
1068	1	{5 78 79}	stub	2	0										
1069	1	{5 29 78 79}	stub	2	0										
1070	1	{5 11 29 78 79}	stub	2	0										
1071	1	{5 11 78 79}	stub	2	0										
1072	1	{29 78 79}	stub	2	0										
1073	1	{11 29 78 79}	stub	2	0										
1074	1	{11 78 79}	stub	2	0										
1075	1	{3 78}	stub	2	0										
1076	1	{3 5 78}	stub	2	0										
1077	1	{3 5 29 78}	stub	2	0										
1078	1	{3 5 11 29 78}	stub	2	0										
1079	1	{3 5 11 78}	stub	2	0										
1080	1	{3 29 78}	stub	2	0										
1081	1	{3 11 29 78}	stub	2	0										
1082	1	{3 11 78}	stub	2	0										
1083	1	{5 78}	stub	2	0										
1084	1	{5 29 78}	stub	2	0										
1085	1	{5 11 29 78}	stub	2	0										
1086	1	{5 11 78}	stub	2	0										
1087	1	{29 78}	stub	2	0										
1088	1	{11 29 78}	stub	2	0										
1089	1	{11 78}	stub	2	0										
1090	1	{28 79}	stub	2	0										
1091	1	{3 28 79}	stub	2	0										
1092	1	{3 5 28 79}	stub	2	0										
1093	1	{3 5 28 29 79}	stub	2	0										
1094	1	{3 5 11 28 29 79}	stub	2	0										
1095	1	{3 5 11 28 79}	stub	2	0										
1096	1	{3 28 29 79}	stub	2	0										
1097	1	{3 11 28 29 79}	stub	2	0										
1098	1	{3 11 28 79}	stub	2	0										
1099	1	{5 28 79}	stub	2	0										
1100	1	{5 28 29 79}	stub	2	0										
1101	1	{5 11 28 29 79}	stub	2	0										
1102	1	{5 11 28 79}	stub	2	0										
1103	1	{28 29 79}	stub	2	0										
1104	1	{11 28 29 79}	stub	2	0										
1105	1	{11 28 79}	stub	2	0										
1106	1	{79}	stub	2	0										
1107	1	{3 79}	stub	2	0										
1108	1	{3 5 79}	stub	2	0										
1109	1	{3 5 29 79}	stub	2	0										
1110	1	{3 5 11 29 79}	stub	2	0										
1111	1	{3 5 11 79}	stub	2	0										
1112	1	{3 29 79}	stub	2	0										
1113	1	{3 11 29 79}	stub	2	0										
1114	1	{3 11 79}	stub	2	0										
1115	1	{5 79}	stub	2	0										
1116	1	{5 29 79}	stub	2	0										
1117	1	{5 11 29 79}	stub	2	0										
1118	1	{5 11 79}	stub	2	0										
1119	1	{29 79}	stub	2	0										
1120	1	{11 29 79}	stub	2	0										
1121	1	{11 79}	stub	2	0										
1122	1	{6 46}	stub	1	0										
1123	1	{7 46}	stub	1	0										
1124	1	{46}	stub	1	0										
1125	1	{1..3 5 16 27}	stub	1	0										
1126	1	{1..3 16 17 27}	stub	1	0										
1127	1	{1..3 16 27}	stub	1	0										
1128	1	{1 2 5 16 17 27}	stub	1	0										
1129	1	{1 2 5 16 27}	stub	1	0										
1130	1	{1 2 16 17 27}	stub	1	0										
1131	1	{1 2 16 27}	stub	1	0										
1132	1	{1 3 5 16 17 27}	stub	1	0										
1133	1	{1 3 5 16 27}	stub	1	0										
1134	1	{1 3 16 17 27}	stub	1	0										
1135	1	{1 3 16 27}	stub	1	0										
1136	1	{1 5 16 17 27}	stub	1	0										
1137	1	{1 5 16 27}	stub	1	0										
1138	1	{1 16 17 27}	stub	1	0										
1139	1	{1 16 27}	stub	1	0										
1140	1	{1..3 5 17 27}	stub	1	0										
1141	1	{1..3 5 27}	stub	1	0										
1142	1	{1..3 17 27}	stub	1	0										
1143	1	{1..3 27}	stub	1	0										
1144	1	{1 2 5 17 27}	stub	1	0										
1145	1	{1 2 5 27}	stub	1	0										
1146	1	{1 2 17 27}	stub	1	0										
1147	1	{1 2 27}	stub	1	0										
1148	1	{1 3 5 17 27}	stub	1	0										
1149	1	{1 3 5 27}	stub	1	0										
1150	1	{1 3 17 27}	stub	1	0										
1151	1	{1 3 27}	stub	1	0										
1152	1	{1 5 17 27}	stub	1	0										
1153	1	{1 5 27}	stub	1	0										
1154	1	{1 17 27}	stub	1	0										
1155	1	{1 27}	stub	1	0										
1156	1	{2 3 5 16 17 27}	stub	1	0										
1157	1	{2 3 5 16 27}	stub	1	0										
1158	1	{2 3 16 17 27}	stub	1	0										
1159	1	{2 3 16 27}	stub	1	0										
1160	1	{2 5 16 17 27}	stub	1	0										
1161	1	{2 5 16 27}	stub	1	0										
1162	1	{2 16 17 27}	stub	1	0										
1163	1	{2 16 27}	stub	1	0										
1164	1	{3 5 16 17 27}	stub	1	0										
1165	1	{3 5 16 27}	stub	1	0										
1166	1	{3 16 17 27}	stub	1	0										
1167	1	{3 16 27}	stub	1	0										
1168	1	{5 16 17 27}	stub	1	0										
1169	1	{5 16 27}	stub	1	0										
1170	1	{16 17 27}	stub	1	0										
1171	1	{16 27}	stub	1	0										
1172	1	{2 3 5 17 27}	stub	1	0										
1173	1	{2 3 5 27}	stub	1	0										
1174	1	{2 3 17 27}	stub	1	0										
1175	1	{2 3 27}	stub	1	0										
1176	1	{2 5 17 27}	stub	1	0										
1177	1	{2 5 27}	stub	1	0										
1178	1	{2 17 27}	stub	1	0										
1179	1	{2 27}	stub	1	0										
1180	1	{3 5 17 27}	stub	1	0										
1181	1	{3 5 27}	stub	1	0										
1182	1	{3 17 27}	stub	1	0										
1183	1	{3 27}	stub	1	0										
1184	1	{5 17 27}	stub	1	0										
1185	1	{5 27}	stub	1	0										
1186	1	{17 27}	stub	1	0										
1187	1	{41}	stub	1	0										
1188	1	{6 41}	stub	1	0										
1189	1	{41 55}	stub	1	0										
1190	1	{1 2 113}	stub	1	0										
1191	1	{1..3 113}	stub	1	0										
1192	1	{1..3 19 113}	stub	1	0										
1193	1	{1..3 5 113}	stub	1	0										
1194	1	{1 2 19 113}	stub	1	0										
1195	1	{1 2 5 19 113}	stub	1	0										
1196	1	{1 2 5 113}	stub	1	0										
1197	1	{1 113}	stub	1	0										
1198	1	{1 3 113}	stub	1	0										
1199	1	{1 3 19 113}	stub	1	0										
1200	1	{1 3 5 19 113}	stub	1	0										
1201	1	{1 3 5 113}	stub	1	0										
1202	1	{1 19 113}	stub	1	0										
1203	1	{1 5 19 113}	stub	1	0										
1204	1	{1 5 113}	stub	1	0										
1205	1	{2 113}	stub	1	0										
1206	1	{2 3 113}	stub	1	0										
1207	1	{2 3 19 113}	stub	1	0										
1208	1	{2 3 5 19 113}	stub	1	0										
1209	1	{2 3 5 113}	stub	1	0										
1210	1	{2 19 113}	stub	1	0										
1211	1	{2 5 19 113}	stub	1	0										
1212	1	{2 5 113}	stub	1	0										
1213	1	{113}	stub	2	0										
1214	1	{3 113}	stub	1	0										
1215	1	{3 19 113}	stub	1	0										
1216	1	{3 5 19 113}	stub	1	0										
1217	1	{3 5 113}	stub	1	0										
1218	1	{19 113}	stub	1	0										
1219	1	{5 19 113}	stub	1	0										
1220	1	{5 113}	stub	1	0										
1221	1	{118}	stub	1	0										
1222	1	{6 118}	stub	1	0										
1223	1	{6 7 118}	stub	1	0										
1224	1	{6 118 119}	stub	1	0										
1225	1	{7 118}	stub	1	0										
1226	1	{7 118 119}	stub	1	0										
1227	1	{118 119}	stub	1	0										
1228	1	{6 119}	stub	2	0										
1229	1	{7 119}	stub	2	0										
1230	1	{119}	stub	2	0										
1231	1	{121}	stub	3	0										
1232	1	{121 122}	stub	1	0										
1233	1	{14 121 122}	stub	1	0										
1234	1	{14 66 121 122}	stub	1	0										
1235	1	{14 15 66 121 122}	stub	1	0										
1236	1	{14 66 75 121 122}	stub	1	0										
1237	1	{14 15 121 122}	stub	1	0										
1238	1	{14 15 75 121 122}	stub	1	0										
1239	1	{14 75 121 122}	stub	1	0										
1240	1	{66 121 122}	stub	1	0										
1241	1	{15 66 121 122}	stub	1	0										
1242	1	{15 66 75 121 122}	stub	1	0										
1243	1	{66 75 121 122}	stub	1	0										
1244	1	{15 121 122}	stub	1	0										
1245	1	{15 75 121 122}	stub	1	0										
1246	1	{75 121 122}	stub	1	0										
1247	1	{14 121}	stub	3	0										
1248	1	{14 66 121}	stub	1	0										
1249	1	{14 15 66 121}	stub	1	0										
1250	1	{14 15 66 75 121}	stub	1	0										
1251	1	{14 66 75 121}	stub	1	0										
1252	1	{14 15 121}	stub	3	0										
1253	1	{14 75 121}	stub	3	0										
1254	1	{66 121}	stub	1	0										
1255	1	{15 66 121}	stub	1	0										
1256	1	{15 66 75 121}	stub	1	0										
1257	1	{66 75 121}	stub	1	0										
1258	1	{15 121}	stub	3	0										
1259	1	{15 75 121}	stub	3	0										
1260	1	{75 121}	stub	3	0										
1261	1	{122}	stub	1	0										
1262	1	{14 122}	stub	1	0										
1263	1	{14 66 122}	stub	1	0										
1264	1	{14 15 66 122}	stub	1	0										
1265	1	{14 15 66 75 122}	stub	1	0										
1266	1	{14 66 75 122}	stub	1	0										
1267	1	{14 15 122}	stub	1	0										
1268	1	{14 15 75 122}	stub	1	0										
1269	1	{14 75 122}	stub	1	0										
1270	1	{66 122}	stub	1	0										
1271	1	{15 66 122}	stub	1	0										
1272	1	{15 66 75 122}	stub	1	0										
1273	1	{66 75 122}	stub	1	0										
1274	1	{15 122}	stub	1	0										
1275	1	{15 75 122}	stub	1	0										
1276	1	{75 122}	stub	1	0										
1277	1	{14 66}	stub	1	0										
1278	1	{14 15 66}	stub	1	0										
1279	1	{14 15 66 75}	stub	1	0										
1280	1	{14 66 75}	stub	1	0										
1281	1	{14 15 75}	stub	3	0										
1282	1	{14 75}	stub	3	0										
1283	1	{66}	stub	1	0										
1284	1	{15 66}	stub	1	0										
1285	1	{15 66 75}	stub	1	0										
1286	1	{66 75}	stub	1	0										
1287	1	{15 75}	stub	3	0										
1288	1	{75}	stub	3	0										
1289	1	{1..3 123}	stub	1	0										
1290	1	{1..3 5 123}	stub	1	0										
1291	1	{1..3 11 123}	stub	1	0										
1292	1	{1 2 123}	stub	1	0										
1293	1	{1 2 5 123}	stub	1	0										
1294	1	{1 2 5 11 123}	stub	1	0										
1295	1	{1 2 11 123}	stub	1	0										
1296	1	{1 3 123}	stub	1	0										
1297	1	{1 3 5 123}	stub	1	0										
1298	1	{1 3 5 11 123}	stub	1	0										
1299	1	{1 3 11 123}	stub	1	0										
1300	1	{1 123}	stub	1	0										
1301	1	{1 5 123}	stub	1	0										
1302	1	{1 5 11 123}	stub	1	0										
1303	1	{1 11 123}	stub	1	0										
1304	1	{2 3 123}	stub	1	0										
1305	1	{2 3 5 123}	stub	1	0										
1306	1	{2 3 5 11 123}	stub	1	0										
1307	1	{2 3 11 123}	stub	1	0										
1308	1	{2 123}	stub	1	0										
1309	1	{2 5 123}	stub	1	0										
1310	1	{2 5 11 123}	stub	1	0										
1311	1	{2 11 123}	stub	1	0										
1312	1	{3 123}	stub	1	0										
1313	1	{3 5 123}	stub	1	0										
1314	1	{3 5 11 123}	stub	1	0										
1315	1	{3 11 123}	stub	1	0										
1316	1	{123}	stub	1	0										
1317	1	{5 123}	stub	1	0										
1318	1	{5 11 123}	stub	1	0										
1319	1	{11 123}	stub	1	0										
1320	1	{1..3 5 33 133}	stub	1	0										
1321	1	{1..3 17 33 133}	stub	1	0										
1322	1	{1..3 33 133}	stub	1	0										
1323	1	{1..3 5 17 133}	stub	1	0										
1324	1	{1..3 5 133}	stub	1	0										
1325	1	{1..3 17 133}	stub	1	0										
1326	1	{1..3 133}	stub	1	0										
1327	1	{1 2 5 17 33 133}	stub	1	0										
1328	1	{1 2 5 33 133}	stub	1	0										
1329	1	{1 2 17 33 133}	stub	1	0										
1330	1	{1 2 33 133}	stub	1	0										
1331	1	{1 2 5 17 133}	stub	1	0										
1332	1	{1 2 5 133}	stub	1	0										
1333	1	{1 2 17 133}	stub	1	0										
1334	1	{1 2 133}	stub	1	0										
1335	1	{1 3 5 17 33 133}	stub	1	0										
1336	1	{1 3 5 33 133}	stub	1	0										
1337	1	{1 3 17 33 133}	stub	1	0										
1338	1	{1 3 33 133}	stub	1	0										
1339	1	{1 3 5 17 133}	stub	1	0										
1340	1	{1 3 5 133}	stub	1	0										
1341	1	{1 3 17 133}	stub	1	0										
1342	1	{1 3 133}	stub	1	0										
1343	1	{1 5 17 33 133}	stub	1	0										
1344	1	{1 5 33 133}	stub	1	0										
1345	1	{1 17 33 133}	stub	1	0										
1346	1	{1 33 133}	stub	1	0										
1347	1	{1 5 17 133}	stub	1	0										
1348	1	{1 5 133}	stub	1	0										
1349	1	{1 17 133}	stub	1	0										
1350	1	{1 133}	stub	1	0										
1351	1	{2 3 5 17 33 133}	stub	1	0										
1352	1	{2 3 5 33 133}	stub	1	0										
1353	1	{2 3 17 33 133}	stub	1	0										
1354	1	{2 3 33 133}	stub	1	0										
1355	1	{2 3 5 17 133}	stub	1	0										
1356	1	{2 3 5 133}	stub	1	0										
1357	1	{2 3 17 133}	stub	1	0										
1358	1	{2 3 133}	stub	1	0										
1359	1	{2 5 17 33 133}	stub	1	0										
1360	1	{2 5 33 133}	stub	1	0										
1361	1	{2 17 33 133}	stub	1	0										
1362	1	{2 33 133}	stub	1	0										
1363	1	{2 5 17 133}	stub	1	0										
1364	1	{2 5 133}	stub	1	0										
1365	1	{2 17 133}	stub	1	0										
1366	1	{2 133}	stub	1	0										
1367	1	{3 5 17 33 133}	stub	1	0										
1368	1	{3 5 33 133}	stub	1	0										
1369	1	{3 17 33 133}	stub	1	0										
1370	1	{3 33 133}	stub	1	0										
1371	1	{3 5 17 133}	stub	1	0										
1372	1	{3 5 133}	stub	1	0										
1373	1	{3 17 133}	stub	1	0										
1374	1	{3 133}	stub	1	0										
1375	1	{5 17 33 133}	stub	1	0										
1376	1	{5 33 133}	stub	1	0										
1377	1	{17 33 133}	stub	1	0										
1378	1	{33 133}	stub	1	0										
1379	1	{5 17 133}	stub	1	0										
1380	1	{5 133}	stub	1	0										
1381	1	{17 133}	stub	1	0										
1382	1	{133}	stub	2	0										
1383	1	{6 58}	stub	1	0										
1384	1	{7 58}	stub	1	0										
1385	1	{58}	stub	1	0										
1386	1	{1..3 19 83}	stub	1	0										
1387	1	{1..3 5 83}	stub	1	0										
1388	1	{1..3 83}	stub	1	0										
1389	1	{1 2 5 19 83}	stub	1	0										
1390	1	{1 2 19 83}	stub	1	0										
1391	1	{1 2 5 83}	stub	1	0										
1392	1	{1 2 83}	stub	1	0										
1393	1	{1 3 5 19 83}	stub	1	0										
1394	1	{1 3 19 83}	stub	1	0										
1395	1	{1 3 5 83}	stub	1	0										
1396	1	{1 3 83}	stub	1	0										
1397	1	{1 5 19 83}	stub	1	0										
1398	1	{1 19 83}	stub	1	0										
1399	1	{1 5 83}	stub	1	0										
1400	1	{1 83}	stub	1	0										
1401	1	{2 3 5 19 83}	stub	1	0										
1402	1	{2 3 19 83}	stub	1	0										
1403	1	{2 3 5 83}	stub	1	0										
1404	1	{2 3 83}	stub	1	0										
1405	1	{2 5 19 83}	stub	1	0										
1406	1	{2 19 83}	stub	1	0										
1407	1	{2 5 83}	stub	1	0										
1408	1	{2 83}	stub	1	0										
1409	1	{3 5 19 83}	stub	1	0										
1410	1	{3 19 83}	stub	1	0										
1411	1	{3 5 83}	stub	1	0										
1412	1	{3 83}	stub	1	0										
1413	1	{5 19 83}	stub	1	0										
1414	1	{19 83}	stub	1	0										
1415	1	{5 83}	stub	1	0										
1416	1	{1 131}	stub	1	0										
1417	1	{1 2 131}	stub	1	0										
1418	1	{1..3 131}	stub	1	0										
1419	1	{1..3 5 131}	stub	1	0										
1420	1	{1..3 17 131}	stub	1	0										
1421	1	{1 2 5 131}	stub	1	0										
1422	1	{1 2 5 17 131}	stub	1	0										
1423	1	{1 2 17 131}	stub	1	0										
1424	1	{1 3 131}	stub	1	0										
1425	1	{1 3 5 131}	stub	1	0										
1426	1	{1 3 5 17 131}	stub	1	0										
1427	1	{1 3 17 131}	stub	1	0										
1428	1	{1 5 131}	stub	1	0										
1429	1	{1 5 17 131}	stub	1	0										
1430	1	{1 17 131}	stub	1	0										
1431	1	{131}	stub	1	0										
1432	1	{2 131}	stub	1	0										
1433	1	{2 3 131}	stub	1	0										
1434	1	{2 3 5 131}	stub	1	0										
1435	1	{2 3 5 17 131}	stub	1	0										
1436	1	{2 3 17 131}	stub	1	0										
1437	1	{2 5 131}	stub	1	0										
1438	1	{2 5 17 131}	stub	1	0										
1439	1	{2 17 131}	stub	1	0										
1440	1	{3 131}	stub	1	0										
1441	1	{3 5 131}	stub	1	0										
1442	1	{3 5 17 131}	stub	1	0										
1443	1	{3 17 131}	stub	1	0										
1444	1	{5 131}	stub	1	0										
1445	1	{5 17 131}	stub	1	0										
1446	1	{17 131}	stub	1	0										
1447	1	{14 88}	stub	1	0										
1448	1	{15 88}	stub	1	0										
1449	1	{88}	stub	2	0										
1450	1	{6 113}	stub	1	0										
1451	1	{7 113}	stub	1	0										
1452	1	{1..4 167}	stub	1	0										
1453	1	{1..3 5 167}	stub	1	0										
1454	1	{1..3 167}	stub	1	0										
1455	1	{1 2 4 5 167}	stub	1	0										
1456	1	{1 2 4 167}	stub	1	0										
1457	1	{1 2 5 167}	stub	1	0										
1458	1	{1 2 167}	stub	1	0										
1459	1	{1 3..5 167}	stub	1	0										
1460	1	{1 3 4 167}	stub	1	0										
1461	1	{1 3 5 167}	stub	1	0										
1462	1	{1 3 167}	stub	1	0										
1463	1	{1 4 5 167}	stub	1	0										
1464	1	{1 4 167}	stub	1	0										
1465	1	{1 5 167}	stub	1	0										
1466	1	{1 167}	stub	1	0										
1467	1	{2..5 167}	stub	1	0										
1468	1	{2..4 167}	stub	1	0										
1469	1	{2 3 5 167}	stub	1	0										
1470	1	{2 3 167}	stub	1	0										
1471	1	{2 4 5 167}	stub	1	0										
1472	1	{2 4 167}	stub	1	0										
1473	1	{2 5 167}	stub	1	0										
1474	1	{2 167}	stub	1	0										
1475	1	{3..5 167}	stub	1	0										
1476	1	{3 4 167}	stub	1	0										
1477	1	{3 5 167}	stub	1	0										
1478	1	{3 167}	stub	1	0										
1479	1	{4 5 167}	stub	1	0										
1480	1	{4 167}	stub	1	0										
1481	1	{5 167}	stub	1	0										
1482	1	{167}	stub	1	0										
1483	1	{1 2 16 185}	stub	1	0										
1484	1	{1..3 16 185}	stub	1	0										
1485	1	{1..3 5 16 185}	stub	1	0										
1486	1	{1..3 16 17 185}	stub	1	0										
1487	1	{1 2 5 16 185}	stub	1	0										
1488	1	{1 2 5 16 17 185}	stub	1	0										
1489	1	{1 2 16 17 185}	stub	1	0										
1490	1	{1 16 185}	stub	1	0										
1491	1	{1 3 16 185}	stub	1	0										
1492	1	{1 3 5 16 185}	stub	1	0										
1493	1	{1 3 5 16 17 185}	stub	1	0										
1494	1	{1 3 16 17 185}	stub	1	0										
1495	1	{1 5 16 185}	stub	1	0										
1496	1	{1 5 16 17 185}	stub	1	0										
1497	1	{1 16 17 185}	stub	1	0										
1498	1	{1 2 185}	stub	1	0										
1499	1	{1..3 185}	stub	1	0										
1500	1	{1..3 5 185}	stub	1	0										
1501	1	{1..3 5 17 185}	stub	1	0										
1502	1	{1..3 17 185}	stub	1	0										
1503	1	{1 2 5 185}	stub	1	0										
1504	1	{1 2 5 17 185}	stub	1	0										
1505	1	{1 2 17 185}	stub	1	0										
1506	1	{1 185}	stub	1	0										
1507	1	{1 3 185}	stub	1	0										
1508	1	{1 3 5 185}	stub	1	0										
1509	1	{1 3 5 17 185}	stub	1	0										
1510	1	{1 3 17 185}	stub	1	0										
1511	1	{1 5 185}	stub	1	0										
1512	1	{1 5 17 185}	stub	1	0										
1513	1	{1 17 185}	stub	1	0										
1514	1	{2 16 185}	stub	1	0										
1515	1	{2 3 16 185}	stub	1	0										
1516	1	{2 3 5 16 185}	stub	1	0										
1517	1	{2 3 5 16 17 185}	stub	1	0										
1518	1	{2 3 16 17 185}	stub	1	0										
1519	1	{2 5 16 185}	stub	1	0										
1520	1	{2 5 16 17 185}	stub	1	0										
1521	1	{2 16 17 185}	stub	1	0										
1522	1	{16 185}	stub	1	0										
1523	1	{3 16 185}	stub	1	0										
1524	1	{3 5 16 185}	stub	1	0										
1525	1	{3 5 16 17 185}	stub	1	0										
1526	1	{3 16 17 185}	stub	1	0										
1527	1	{5 16 185}	stub	1	0										
1528	1	{5 16 17 185}	stub	1	0										
1529	1	{16 17 185}	stub	1	0										
1530	1	{2 185}	stub	1	0										
1531	1	{2 3 185}	stub	1	0										
1532	1	{2 3 5 185}	stub	1	0										
1533	1	{2 3 5 17 185}	stub	1	0										
1534	1	{2 3 17 185}	stub	1	0										
1535	1	{2 5 185}	stub	1	0										
1536	1	{2 5 17 185}	stub	1	0										
1537	1	{2 17 185}	stub	1	0										
1538	1	{185}	stub	1	0										
1539	1	{3 185}	stub	1	0										
1540	1	{3 5 185}	stub	1	0										
1541	1	{3 5 17 185}	stub	1	0										
1542	1	{3 17 185}	stub	1	0										
1543	1	{5 185}	stub	1	0										
1544	1	{5 17 185}	stub	1	0										
1545	1	{17 185}	stub	1	0										
1546	1	{1..3 138}	stub	1	0										
1547	1	{1 2 5 138}	stub	1	0										
1548	1	{1 2 138}	stub	1	0										
1549	1	{1 3 5 138}	stub	1	0										
1550	1	{1 3 138}	stub	1	0										
1551	1	{1 5 138}	stub	1	0										
1552	1	{1 138}	stub	1	0										
1553	1	{2 3 5 138}	stub	1	0										
1554	1	{2 3 138}	stub	1	0										
1555	1	{2 5 138}	stub	1	0										
1556	1	{2 138}	stub	1	0										
1557	1	{3 5 138}	stub	1	0										
1558	1	{3 138}	stub	1	0										
1559	1	{5 138}	stub	1	0										
1560	1	{138}	stub	1	0										
1561	1	{6 193}	stub	1	0										
1562	1	{7 193}	stub	1	0										
1563	1	{193}	stub	1	0										
1564	1	{1..3 5 88}	stub	1	0										
1565	1	{1..3 11 88}	stub	1	0										
1566	1	{1..3 88}	stub	1	0										
1567	1	{1 2 5 11 88}	stub	1	0										
1568	1	{1 2 5 88}	stub	1	0										
1569	1	{1 2 11 88}	stub	1	0										
1570	1	{1 2 88}	stub	1	0										
1571	1	{1 3 5 11 88}	stub	1	0										
1572	1	{1 3 5 88}	stub	1	0										
1573	1	{1 3 11 88}	stub	1	0										
1574	1	{1 3 88}	stub	1	0										
1575	1	{1 5 11 88}	stub	1	0										
1576	1	{1 5 88}	stub	1	0										
1577	1	{1 11 88}	stub	1	0										
1578	1	{1 88}	stub	1	0										
1579	1	{2 3 5 11 88}	stub	1	0										
1580	1	{2 3 5 88}	stub	1	0										
1581	1	{2 3 11 88}	stub	1	0										
1582	1	{2 3 88}	stub	1	0										
1583	1	{2 5 11 88}	stub	1	0										
1584	1	{2 5 88}	stub	1	0										
1585	1	{2 11 88}	stub	1	0										
1586	1	{2 88}	stub	1	0										
1587	1	{3 5 11 88}	stub	1	0										
1588	1	{3 5 88}	stub	1	0										
1589	1	{3 11 88}	stub	1	0										
1590	1	{3 88}	stub	1	0										
1591	1	{5 11 88}	stub	1	0										
1592	1	{5 88}	stub	1	0										
1593	1	{11 88}	stub	1	0										
1594	1	{1..3 203}	stub	1	0										
1595	1	{1..4 203}	stub	1	0										
1596	1	{1..3 5 203}	stub	1	0										
1597	1	{1 2 203}	stub	1	0										
1598	1	{1 2 4 203}	stub	1	0										
1599	1	{1 2 4 5 203}	stub	1	0										
1600	1	{1 2 5 203}	stub	1	0										
1601	1	{1 3 203}	stub	1	0										
1602	1	{1 3 4 203}	stub	1	0										
1603	1	{1 3..5 203}	stub	1	0										
1604	1	{1 3 5 203}	stub	1	0										
1605	1	{1 203}	stub	1	0										
1606	1	{1 4 203}	stub	1	0										
1607	1	{1 4 5 203}	stub	1	0										
1608	1	{1 5 203}	stub	1	0										
1609	1	{2 3 203}	stub	1	0										
1610	1	{2..4 203}	stub	1	0										
1611	1	{2..5 203}	stub	1	0										
1612	1	{2 3 5 203}	stub	1	0										
1613	1	{2 203}	stub	1	0										
1614	1	{2 4 203}	stub	1	0										
1615	1	{2 4 5 203}	stub	1	0										
1616	1	{2 5 203}	stub	1	0										
1617	1	{3 203}	stub	1	0										
1618	1	{3 4 203}	stub	1	0										
1619	1	{3..5 203}	stub	1	0										
1620	1	{3 5 203}	stub	1	0										
1621	1	{203}	stub	1	0										
1622	1	{4 203}	stub	1	0										
1623	1	{4 5 203}	stub	1	0										
1624	1	{5 203}	stub	1	0										
1625	1	{1..4 84}	stub	1	0										
1626	1	{1..3 84}	stub	1	0										
1627	1	{1..3 5 84}	stub	1	0										
1628	1	{1 2 4 84}	stub	1	0										
1629	1	{1 2 4 5 84}	stub	1	0										
1630	1	{1 2 84}	stub	1	0										
1631	1	{1 2 5 84}	stub	1	0										
1632	1	{1 3 4 84}	stub	1	0										
1633	1	{1 3..5 84}	stub	1	0										
1634	1	{1 3 84}	stub	1	0										
1635	1	{1 3 5 84}	stub	1	0										
1636	1	{1 4 84}	stub	1	0										
1637	1	{1 4 5 84}	stub	1	0										
1638	1	{1 84}	stub	1	0										
1639	1	{1 5 84}	stub	1	0										
1640	1	{2..4 84}	stub	1	0										
1641	1	{2..5 84}	stub	1	0										
1642	1	{2 3 84}	stub	1	0										
1643	1	{2 3 5 84}	stub	1	0										
1644	1	{2 4 84}	stub	1	0										
1645	1	{2 4 5 84}	stub	1	0										
1646	1	{2 84}	stub	1	0										
1647	1	{2 5 84}	stub	1	0										
1648	1	{3 4 84}	stub	1	0										
1649	1	{3..5 84}	stub	1	0										
1650	1	{3 84}	stub	1	0										
1651	1	{3 5 84}	stub	1	0										
1652	1	{4 84}	stub	1	0										
1653	1	{4 5 84}	stub	1	0										
1654	1	{5 84}	stub	1	0										
1655	1	{1..3 6 11}	stub	1	0										
1656	1	{1 2 5 6 11}	stub	1	0										
1657	1	{1 2 6 11}	stub	1	0										
1658	1	{1 3 5 6 11}	stub	1	0										
1659	1	{1 3 6 11}	stub	1	0										
1660	1	{1 5 6 11}	stub	1	0										
1661	1	{1 6 11}	stub	1	0										
1662	1	{2 3 5 6 11}	stub	1	0										
1663	1	{2 3 6 11}	stub	1	0										
1664	1	{2 5 6 11}	stub	1	0										
1665	1	{2 6 11}	stub	1	0										
1666	1	{3 5 6 11}	stub	1	0										
1667	1	{3 6 11}	stub	1	0										
1668	1	{5 6 11}	stub	1	0										
1669	1	{6 11}	stub	1	0										
1670	1	{1..3 5 28 29 187}	stub	1	0										
1671	1	{1..3 5 28 187}	stub	1	0										
1672	1	{1..3 5 11 28 187}	stub	1	0										
1673	1	{1..3 28 29 187}	stub	1	0										
1674	1	{1..3 11 28 29 187}	stub	1	0										
1675	1	{1..3 28 187}	stub	1	0										
1676	1	{1..3 11 28 187}	stub	1	0										
1677	1	{1 2 5 28 29 187}	stub	1	0										
1678	1	{1 2 5 11 28 29 187}	stub	1	0										
1679	1	{1 2 5 28 187}	stub	1	0										
1680	1	{1 2 5 11 28 187}	stub	1	0										
1681	1	{1 2 28 29 187}	stub	1	0										
1682	1	{1 2 11 28 29 187}	stub	1	0										
1683	1	{1 2 28 187}	stub	1	0										
1684	1	{1 2 11 28 187}	stub	1	0										
1685	1	{1..3 5 29 187}	stub	1	0										
1686	1	{1..3 5 11 29 187}	stub	1	0										
1687	1	{1..3 5 187}	stub	1	0										
1688	1	{1..3 5 11 187}	stub	1	0										
1689	1	{1..3 29 187}	stub	1	0										
1690	1	{1..3 11 29 187}	stub	1	0										
1691	1	{1..3 187}	stub	1	0										
1692	1	{1..3 11 187}	stub	1	0										
1693	1	{1 2 5 29 187}	stub	1	0										
1694	1	{1 2 5 11 29 187}	stub	1	0										
1695	1	{1 2 5 187}	stub	1	0										
1696	1	{1 2 5 11 187}	stub	1	0										
1697	1	{1 2 29 187}	stub	1	0										
1698	1	{1 2 11 29 187}	stub	1	0										
1699	1	{1 2 187}	stub	1	0										
1700	1	{1 2 11 187}	stub	1	0										
1701	1	{1 3 5 28 29 187}	stub	1	0										
1702	1	{1 3 5 11 28 29 187}	stub	1	0										
1703	1	{1 3 5 28 187}	stub	1	0										
1704	1	{1 3 5 11 28 187}	stub	1	0										
1705	1	{1 3 28 29 187}	stub	1	0										
1706	1	{1 3 11 28 29 187}	stub	1	0										
1707	1	{1 3 28 187}	stub	1	0										
1708	1	{1 3 11 28 187}	stub	1	0										
1709	1	{1 5 28 29 187}	stub	1	0										
1710	1	{1 5 11 28 29 187}	stub	1	0										
1711	1	{1 5 28 187}	stub	1	0										
1712	1	{1 5 11 28 187}	stub	1	0										
1713	1	{1 28 29 187}	stub	1	0										
1714	1	{1 11 28 29 187}	stub	1	0										
1715	1	{1 28 187}	stub	1	0										
1716	1	{1 11 28 187}	stub	1	0										
1717	1	{1 3 5 29 187}	stub	1	0										
1718	1	{1 3 5 11 29 187}	stub	1	0										
1719	1	{1 3 5 187}	stub	1	0										
1720	1	{1 3 5 11 187}	stub	1	0										
1721	1	{1 3 29 187}	stub	1	0										
1722	1	{1 3 11 29 187}	stub	1	0										
1723	1	{1 3 187}	stub	1	0										
1724	1	{1 3 11 187}	stub	1	0										
1725	1	{1 5 29 187}	stub	1	0										
1726	1	{1 5 11 29 187}	stub	1	0										
1727	1	{1 5 187}	stub	1	0										
1728	1	{1 5 11 187}	stub	1	0										
1729	1	{1 29 187}	stub	1	0										
1730	1	{1 11 29 187}	stub	1	0										
1731	1	{1 187}	stub	1	0										
1732	1	{1 11 187}	stub	1	0										
1733	1	{2 3 5 28 29 187}	stub	1	0										
1734	1	{2 3 5 11 28 29 187}	stub	1	0										
1735	1	{2 3 5 28 187}	stub	1	0										
1736	1	{2 3 5 11 28 187}	stub	1	0										
1737	1	{2 3 28 29 187}	stub	1	0										
1738	1	{2 3 11 28 29 187}	stub	1	0										
1739	1	{2 3 28 187}	stub	1	0										
1740	1	{2 3 11 28 187}	stub	1	0										
1741	1	{2 5 28 29 187}	stub	1	0										
1742	1	{2 5 11 28 29 187}	stub	1	0										
1743	1	{2 5 28 187}	stub	1	0										
1744	1	{2 5 11 28 187}	stub	1	0										
1745	1	{2 28 29 187}	stub	1	0										
1746	1	{2 11 28 29 187}	stub	1	0										
1747	1	{2 28 187}	stub	1	0										
1748	1	{2 11 28 187}	stub	1	0										
1749	1	{2 3 5 29 187}	stub	1	0										
1750	1	{2 3 5 11 29 187}	stub	1	0										
1751	1	{2 3 5 187}	stub	1	0										
1752	1	{2 3 5 11 187}	stub	1	0										
1753	1	{2 3 29 187}	stub	1	0										
1754	1	{2 3 11 29 187}	stub	1	0										
1755	1	{2 3 187}	stub	1	0										
1756	1	{2 3 11 187}	stub	1	0										
1757	1	{2 5 29 187}	stub	1	0										
1758	1	{2 5 11 29 187}	stub	1	0										
1759	1	{2 5 187}	stub	1	0										
1760	1	{2 5 11 187}	stub	1	0										
1761	1	{2 29 187}	stub	1	0										
1762	1	{2 11 29 187}	stub	1	0										
1763	1	{2 187}	stub	1	0										
1764	1	{2 11 187}	stub	1	0										
1765	1	{3 5 28 29 187}	stub	1	0										
1766	1	{3 5 11 28 29 187}	stub	1	0										
1767	1	{3 5 28 187}	stub	1	0										
1768	1	{3 5 11 28 187}	stub	1	0										
1769	1	{3 28 29 187}	stub	1	0										
1770	1	{3 11 28 29 187}	stub	1	0										
1771	1	{3 28 187}	stub	1	0										
1772	1	{3 11 28 187}	stub	1	0										
1773	1	{5 28 29 187}	stub	1	0										
1774	1	{5 11 28 29 187}	stub	1	0										
1775	1	{5 28 187}	stub	1	0										
1776	1	{5 11 28 187}	stub	1	0										
1777	1	{28 29 187}	stub	1	0										
1778	1	{11 28 29 187}	stub	1	0										
1779	1	{28 187}	stub	1	0										
1780	1	{11 28 187}	stub	1	0										
1781	1	{3 5 29 187}	stub	1	0										
1782	1	{3 5 11 29 187}	stub	1	0										
1783	1	{3 5 187}	stub	1	0										
1784	1	{3 5 11 187}	stub	1	0										
1785	1	{3 29 187}	stub	1	0										
1786	1	{3 11 29 187}	stub	1	0										
1787	1	{3 187}	stub	1	0										
1788	1	{3 11 187}	stub	1	0										
1789	1	{5 29 187}	stub	1	0										
1790	1	{5 11 29 187}	stub	1	0										
1791	1	{5 187}	stub	1	0										
1792	1	{5 11 187}	stub	1	0										
1793	1	{29 187}	stub	1	0										
1794	1	{11 29 187}	stub	1	0										
1795	1	{187}	stub	1	0										
1796	1	{11 187}	stub	1	0										
1797	1	{1..3 226}	stub	1	0										
1798	1	{1 2 5 226}	stub	1	0										
1799	1	{1 2 226}	stub	1	0										
1800	1	{1 3 5 226}	stub	1	0										
1801	1	{1 3 226}	stub	1	0										
1802	1	{1 5 226}	stub	1	0										
1803	1	{1 226}	stub	1	0										
1804	1	{2 3 5 226}	stub	1	0										
1805	1	{2 3 226}	stub	1	0										
1806	1	{2 5 226}	stub	1	0										
1807	1	{2 226}	stub	1	0										
1808	1	{3 5 226}	stub	1	0										
1809	1	{3 226}	stub	1	0										
1810	1	{5 226}	stub	1	0										
1811	1	{226}	stub	1	0										
1812	1	{1 146}	stub	2	0										
1813	1	{1 2 146}	stub	2	0										
1814	1	{1..3 146}	stub	2	0										
1815	1	{1 2 5 146}	stub	2	0										
1816	1	{1 3 146}	stub	2	0										
1817	1	{1 3 5 146}	stub	2	0										
1818	1	{1 5 146}	stub	2	0										
1819	1	{146}	stub	2	0										
1820	1	{2 146}	stub	2	0										
1821	1	{2 3 146}	stub	2	0										
1822	1	{2 3 5 146}	stub	2	0										
1823	1	{2 5 146}	stub	2	0										
1824	1	{3 146}	stub	2	0										
1825	1	{3 5 146}	stub	2	0										
1826	1	{5 146}	stub	2	0										
1827	1	{18 121}	stub	1	0										
1828	1	{14 18 121}	stub	1	0										
1829	1	{14 15 18 121}	stub	1	0										
1830	1	{14 18 75 121}	stub	1	0										
1831	1	{15 18 121}	stub	1	0										
1832	1	{15 18 75 121}	stub	1	0										
1833	1	{18 75 121}	stub	1	0										
1834	1	{14 18}	stub	1	0										
1835	1	{14 15 18}	stub	1	0										
1836	1	{14 15 18 75}	stub	1	0										
1837	1	{14 18 75}	stub	1	0										
1838	1	{15 18}	stub	1	0										
1839	1	{15 18 75}	stub	1	0										
1840	1	{18 75}	stub	1	0										
1841	1	{6 133}	stub	1	0										
1842	1	{7 133}	stub	1	0										
1843	1	{1 16 146}	stub	1	0										
1844	1	{1 2 16 146}	stub	1	0										
1845	1	{1..3 16 146}	stub	1	0										
1846	1	{1..3 5 16 146}	stub	1	0										
1847	1	{1..3 16 17 146}	stub	1	0										
1848	1	{1 2 5 16 146}	stub	1	0										
1849	1	{1 2 5 16 17 146}	stub	1	0										
1850	1	{1 2 16 17 146}	stub	1	0										
1851	1	{1 3 16 146}	stub	1	0										
1852	1	{1 3 5 16 146}	stub	1	0										
1853	1	{1 3 5 16 17 146}	stub	1	0										
1854	1	{1 3 16 17 146}	stub	1	0										
1855	1	{1 5 16 146}	stub	1	0										
1856	1	{1 5 16 17 146}	stub	1	0										
1857	1	{1 16 17 146}	stub	1	0										
1858	1	{1..3 5 17 146}	stub	1	0										
1859	1	{1..3 17 146}	stub	1	0										
1860	1	{1 2 5 17 146}	stub	1	0										
1861	1	{1 2 17 146}	stub	1	0										
1862	1	{1 3 5 17 146}	stub	1	0										
1863	1	{1 3 17 146}	stub	1	0										
1864	1	{1 5 17 146}	stub	1	0										
1865	1	{1 17 146}	stub	1	0										
1866	1	{16 146}	stub	1	0										
1867	1	{2 16 146}	stub	1	0										
1868	1	{2 3 16 146}	stub	1	0										
1869	1	{2 3 5 16 146}	stub	1	0										
1870	1	{2 3 5 16 17 146}	stub	1	0										
1871	1	{2 3 16 17 146}	stub	1	0										
1872	1	{2 5 16 146}	stub	1	0										
1873	1	{2 5 16 17 146}	stub	1	0										
1874	1	{2 16 17 146}	stub	1	0										
1875	1	{3 16 146}	stub	1	0										
1876	1	{3 5 16 146}	stub	1	0										
1877	1	{3 5 16 17 146}	stub	1	0										
1878	1	{3 16 17 146}	stub	1	0										
1879	1	{5 16 146}	stub	1	0										
1880	1	{5 16 17 146}	stub	1	0										
1881	1	{16 17 146}	stub	1	0										
1882	1	{2 3 5 17 146}	stub	1	0										
1883	1	{2 3 17 146}	stub	1	0										
1884	1	{2 5 17 146}	stub	1	0										
1885	1	{2 17 146}	stub	1	0										
1886	1	{3 5 17 146}	stub	1	0										
1887	1	{3 17 146}	stub	1	0										
1888	1	{5 17 146}	stub	1	0										
1889	1	{17 146}	stub	1	0										
1890	1	{1 2 292}	stub	1	0										
1891	1	{1..3 292}	stub	1	0										
1892	1	{1 2 5 292}	stub	1	0										
1893	1	{1 292}	stub	1	0										
1894	1	{1 3 292}	stub	1	0										
1895	1	{1 3 5 292}	stub	1	0										
1896	1	{1 5 292}	stub	1	0										
1897	1	{2 292}	stub	1	0										
1898	1	{2 3 292}	stub	1	0										
1899	1	{2 3 5 292}	stub	1	0										
1900	1	{2 5 292}	stub	1	0										
1901	1	{292}	stub	1	0										
1902	1	{3 292}	stub	1	0										
1903	1	{3 5 292}	stub	1	0										
1904	1	{5 292}	stub	1	0										
1905	1	{1 290}	stub	1	0										
1906	1	{1 2 290}	stub	1	0										
1907	1	{1..3 290}	stub	1	0										
1908	1	{1..3 5 290}	stub	1	0										
1909	1	{1..3 17 290}	stub	1	0										
1910	1	{1 2 5 290}	stub	1	0										
1911	1	{1 2 5 17 290}	stub	1	0										
1912	1	{1 2 17 290}	stub	1	0										
1913	1	{1 3 290}	stub	1	0										
1914	1	{1 3 5 290}	stub	1	0										
1915	1	{1 3 5 17 290}	stub	1	0										
1916	1	{1 3 17 290}	stub	1	0										
1917	1	{1 5 290}	stub	1	0										
1918	1	{1 5 17 290}	stub	1	0										
1919	1	{1 17 290}	stub	1	0										
1920	1	{290}	stub	1	0										
1921	1	{2 290}	stub	1	0										
1922	1	{2 3 290}	stub	1	0										
1923	1	{2 3 5 290}	stub	1	0										
1924	1	{2 3 5 17 290}	stub	1	0										
1925	1	{2 3 17 290}	stub	1	0										
1926	1	{2 5 290}	stub	1	0										
1927	1	{2 5 17 290}	stub	1	0										
1928	1	{2 17 290}	stub	1	0										
1929	1	{3 290}	stub	1	0										
1930	1	{3 5 290}	stub	1	0										
1931	1	{3 5 17 290}	stub	1	0										
1932	1	{3 17 290}	stub	1	0										
1933	1	{5 290}	stub	1	0										
1934	1	{5 17 290}	stub	1	0										
1935	1	{17 290}	stub	1	0										
1936	1	{1..3 5 16 176}	stub	1	0										
1937	1	{1..3 16 17 176}	stub	1	0										
1938	1	{1..3 16 176}	stub	1	0										
1939	1	{1 2 5 16 17 176}	stub	1	0										
1940	1	{1 2 5 16 176}	stub	1	0										
1941	1	{1 2 16 17 176}	stub	1	0										
1942	1	{1 2 16 176}	stub	1	0										
1943	1	{1 3 5 16 17 176}	stub	1	0										
1944	1	{1 3 5 16 176}	stub	1	0										
1945	1	{1 3 16 17 176}	stub	1	0										
1946	1	{1 3 16 176}	stub	1	0										
1947	1	{1 5 16 17 176}	stub	1	0										
1948	1	{1 5 16 176}	stub	1	0										
1949	1	{1 16 17 176}	stub	1	0										
1950	1	{1 16 176}	stub	1	0										
1951	1	{1..3 5 17 176}	stub	1	0										
1952	1	{1..3 5 176}	stub	1	0										
1953	1	{1..3 17 176}	stub	1	0										
1954	1	{1..3 176}	stub	1	0										
1955	1	{1 2 5 17 176}	stub	1	0										
1956	1	{1 2 5 176}	stub	1	0										
1957	1	{1 2 17 176}	stub	1	0										
1958	1	{1 2 176}	stub	1	0										
1959	1	{1 3 5 17 176}	stub	1	0										
1960	1	{1 3 5 176}	stub	1	0										
1961	1	{1 3 17 176}	stub	1	0										
1962	1	{1 3 176}	stub	1	0										
1963	1	{1 5 17 176}	stub	1	0										
1964	1	{1 5 176}	stub	1	0										
1965	1	{1 17 176}	stub	1	0										
1966	1	{1 176}	stub	1	0										
1967	1	{2 3 5 16 17 176}	stub	1	0										
1968	1	{2 3 5 16 176}	stub	1	0										
1969	1	{2 3 16 17 176}	stub	1	0										
1970	1	{2 3 16 176}	stub	1	0										
1971	1	{2 5 16 17 176}	stub	1	0										
1972	1	{2 5 16 176}	stub	1	0										
1973	1	{2 16 17 176}	stub	1	0										
1974	1	{2 16 176}	stub	1	0										
1975	1	{3 5 16 17 176}	stub	1	0										
1976	1	{3 5 16 176}	stub	1	0										
1977	1	{3 16 17 176}	stub	1	0										
1978	1	{3 16 176}	stub	1	0										
1979	1	{5 16 17 176}	stub	1	0										
1980	1	{5 16 176}	stub	1	0										
1981	1	{16 17 176}	stub	1	0										
1982	1	{16 176}	stub	1	0										
1983	1	{2 3 5 17 176}	stub	1	0										
1984	1	{2 3 5 176}	stub	1	0										
1985	1	{2 3 17 176}	stub	1	0										
1986	1	{2 3 176}	stub	1	0										
1987	1	{2 5 17 176}	stub	1	0										
1988	1	{2 5 176}	stub	1	0										
1989	1	{2 17 176}	stub	1	0										
1990	1	{2 176}	stub	1	0										
1991	1	{3 5 17 176}	stub	1	0										
1992	1	{3 5 176}	stub	1	0										
1993	1	{3 17 176}	stub	1	0										
1994	1	{3 176}	stub	1	0										
1995	1	{5 17 176}	stub	1	0										
1996	1	{5 176}	stub	1	0										
1997	1	{17 176}	stub	1	0										
1998	1	{176}	stub	1	0										
1999	1	{1 2 294}	stub	1	0										
2000	1	{1..3 294}	stub	1	0										
2001	1	{1 2 5 294}	stub	1	0										
2002	1	{1 294}	stub	1	0										
2003	1	{1 3 294}	stub	1	0										
2004	1	{1 3 5 294}	stub	1	0										
2005	1	{1 5 294}	stub	1	0										
2006	1	{2 294}	stub	1	0										
2007	1	{2 3 294}	stub	1	0										
2008	1	{2 3 5 294}	stub	1	0										
2009	1	{2 5 294}	stub	1	0										
2010	1	{294}	stub	1	0										
2011	1	{3 294}	stub	1	0										
2012	1	{3 5 294}	stub	1	0										
2013	1	{5 294}	stub	1	0										
2014	1	{1..3 5 28 29 78 79 387}	stub	1	0										
2015	1	{1..3 5 28 78 79 387}	stub	1	0										
2016	1	{1..3 5 11 28 78 79 387}	stub	1	0										
2017	1	{1..3 28 29 78 79 387}	stub	1	0										
2018	1	{1..3 11 28 29 78 79 387}	stub	1	0										
2019	1	{1..3 28 78 79 387}	stub	1	0										
2020	1	{1..3 11 28 78 79 387}	stub	1	0										
2021	1	{1 2 5 28 29 78 79 387}	stub	1	0										
2022	1	{1 2 5 11 28 29 78 79 387}	stub	1	0										
2023	1	{1 2 5 28 78 79 387}	stub	1	0										
2024	1	{1 2 5 11 28 78 79 387}	stub	1	0										
2025	1	{1 2 28 29 78 79 387}	stub	1	0										
2026	1	{1 2 11 28 29 78 79 387}	stub	1	0										
2027	1	{1 2 28 78 79 387}	stub	1	0										
2028	1	{1 2 11 28 78 79 387}	stub	1	0										
2029	1	{1..3 5 28 29 78 387}	stub	1	0										
2030	1	{1..3 5 11 28 29 78 387}	stub	1	0										
2031	1	{1..3 5 28 78 387}	stub	1	0										
2032	1	{1..3 5 11 28 78 387}	stub	1	0										
2033	1	{1..3 28 29 78 387}	stub	1	0										
2034	1	{1..3 11 28 29 78 387}	stub	1	0										
2035	1	{1..3 28 78 387}	stub	1	0										
2036	1	{1..3 11 28 78 387}	stub	1	0										
2037	1	{1 2 5 28 29 78 387}	stub	1	0										
2038	1	{1 2 5 11 28 29 78 387}	stub	1	0										
2039	1	{1 2 5 28 78 387}	stub	1	0										
2040	1	{1 2 5 11 28 78 387}	stub	1	0										
2041	1	{1 2 28 29 78 387}	stub	1	0										
2042	1	{1 2 11 28 29 78 387}	stub	1	0										
2043	1	{1 2 28 78 387}	stub	1	0										
2044	1	{1 2 11 28 78 387}	stub	1	0										
2045	1	{1..3 5 29 78 79 387}	stub	1	0										
2046	1	{1..3 5 11 29 78 79 387}	stub	1	0										
2047	1	{1..3 5 78 79 387}	stub	1	0										
2048	1	{1..3 5 11 78 79 387}	stub	1	0										
2049	1	{1..3 29 78 79 387}	stub	1	0										
2050	1	{1..3 11 29 78 79 387}	stub	1	0										
2051	1	{1..3 78 79 387}	stub	1	0										
2052	1	{1..3 11 78 79 387}	stub	1	0										
2053	1	{1 2 5 29 78 79 387}	stub	1	0										
2054	1	{1 2 5 11 29 78 79 387}	stub	1	0										
2055	1	{1 2 5 78 79 387}	stub	1	0										
2056	1	{1 2 5 11 78 79 387}	stub	1	0										
2057	1	{1 2 29 78 79 387}	stub	1	0										
2058	1	{1 2 11 29 78 79 387}	stub	1	0										
2059	1	{1 2 78 79 387}	stub	1	0										
2060	1	{1 2 11 78 79 387}	stub	1	0										
2061	1	{1..3 5 29 78 387}	stub	1	0										
2062	1	{1..3 5 11 29 78 387}	stub	1	0										
2063	1	{1..3 5 78 387}	stub	1	0										
2064	1	{1..3 5 11 78 387}	stub	1	0										
2065	1	{1..3 29 78 387}	stub	1	0										
2066	1	{1..3 11 29 78 387}	stub	1	0										
2067	1	{1..3 78 387}	stub	1	0										
2068	1	{1..3 11 78 387}	stub	1	0										
2069	1	{1 2 5 29 78 387}	stub	1	0										
2070	1	{1 2 5 11 29 78 387}	stub	1	0										
2071	1	{1 2 5 78 387}	stub	1	0										
2072	1	{1 2 5 11 78 387}	stub	1	0										
2073	1	{1 2 29 78 387}	stub	1	0										
2074	1	{1 2 11 29 78 387}	stub	1	0										
2075	1	{1 2 78 387}	stub	1	0										
2076	1	{1 2 11 78 387}	stub	1	0										
2077	1	{1..3 5 28 29 79 387}	stub	1	0										
2078	1	{1..3 5 11 28 29 79 387}	stub	1	0										
2079	1	{1..3 5 28 79 387}	stub	1	0										
2080	1	{1..3 5 11 28 79 387}	stub	1	0										
2081	1	{1..3 28 29 79 387}	stub	1	0										
2082	1	{1..3 11 28 29 79 387}	stub	1	0										
2083	1	{1..3 28 79 387}	stub	1	0										
2084	1	{1..3 11 28 79 387}	stub	1	0										
2085	1	{1 2 5 28 29 79 387}	stub	1	0										
2086	1	{1 2 5 11 28 29 79 387}	stub	1	0										
2087	1	{1 2 5 28 79 387}	stub	1	0										
2088	1	{1 2 5 11 28 79 387}	stub	1	0										
2089	1	{1 2 28 29 79 387}	stub	1	0										
2090	1	{1 2 11 28 29 79 387}	stub	1	0										
2091	1	{1 2 28 79 387}	stub	1	0										
2092	1	{1 2 11 28 79 387}	stub	1	0										
2093	1	{1..3 5 28 29 387}	stub	1	0										
2094	1	{1..3 5 11 28 29 387}	stub	1	0										
2095	1	{1..3 5 28 387}	stub	1	0										
2096	1	{1..3 5 11 28 387}	stub	1	0										
2097	1	{1..3 28 29 387}	stub	1	0										
2098	1	{1..3 11 28 29 387}	stub	1	0										
2099	1	{1..3 28 387}	stub	1	0										
2100	1	{1..3 11 28 387}	stub	1	0										
2101	1	{1 2 5 28 29 387}	stub	1	0										
2102	1	{1 2 5 11 28 29 387}	stub	1	0										
2103	1	{1 2 5 28 387}	stub	1	0										
2104	1	{1 2 5 11 28 387}	stub	1	0										
2105	1	{1 2 28 29 387}	stub	1	0										
2106	1	{1 2 11 28 29 387}	stub	1	0										
2107	1	{1 2 28 387}	stub	1	0										
2108	1	{1 2 11 28 387}	stub	1	0										
2109	1	{1..3 5 29 79 387}	stub	1	0										
2110	1	{1..3 5 11 29 79 387}	stub	1	0										
2111	1	{1..3 5 79 387}	stub	1	0										
2112	1	{1..3 5 11 79 387}	stub	1	0										
2113	1	{1..3 29 79 387}	stub	1	0										
2114	1	{1..3 11 29 79 387}	stub	1	0										
2115	1	{1..3 79 387}	stub	1	0										
2116	1	{1..3 11 79 387}	stub	1	0										
2117	1	{1 2 5 29 79 387}	stub	1	0										
2118	1	{1 2 5 11 29 79 387}	stub	1	0										
2119	1	{1 2 5 79 387}	stub	1	0										
2120	1	{1 2 5 11 79 387}	stub	1	0										
2121	1	{1 2 29 79 387}	stub	1	0										
2122	1	{1 2 11 29 79 387}	stub	1	0										
2123	1	{1 2 79 387}	stub	1	0										
2124	1	{1 2 11 79 387}	stub	1	0										
2125	1	{1..3 5 29 387}	stub	1	0										
2126	1	{1..3 5 11 29 387}	stub	1	0										
2127	1	{1..3 5 387}	stub	1	0										
2128	1	{1..3 5 11 387}	stub	1	0										
2129	1	{1..3 29 387}	stub	1	0										
2130	1	{1..3 11 29 387}	stub	1	0										
2131	1	{1..3 387}	stub	1	0										
2132	1	{1..3 11 387}	stub	1	0										
2133	1	{1 2 5 29 387}	stub	1	0										
2134	1	{1 2 5 11 29 387}	stub	1	0										
2135	1	{1 2 5 387}	stub	1	0										
2136	1	{1 2 5 11 387}	stub	1	0										
2137	1	{1 2 29 387}	stub	1	0										
2138	1	{1 2 11 29 387}	stub	1	0										
2139	1	{1 2 387}	stub	1	0										
2140	1	{1 2 11 387}	stub	1	0										
2141	1	{1 3 5 28 29 78 79 387}	stub	1	0										
2142	1	{1 3 5 11 28 29 78 79 387}	stub	1	0										
2143	1	{1 3 5 28 78 79 387}	stub	1	0										
2144	1	{1 3 5 11 28 78 79 387}	stub	1	0										
2145	1	{1 3 28 29 78 79 387}	stub	1	0										
2146	1	{1 3 11 28 29 78 79 387}	stub	1	0										
2147	1	{1 3 28 78 79 387}	stub	1	0										
2148	1	{1 3 11 28 78 79 387}	stub	1	0										
2149	1	{1 5 28 29 78 79 387}	stub	1	0										
2150	1	{1 5 11 28 29 78 79 387}	stub	1	0										
2151	1	{1 5 28 78 79 387}	stub	1	0										
2152	1	{1 5 11 28 78 79 387}	stub	1	0										
2153	1	{1 28 29 78 79 387}	stub	1	0										
2154	1	{1 11 28 29 78 79 387}	stub	1	0										
2155	1	{1 28 78 79 387}	stub	1	0										
2156	1	{1 11 28 78 79 387}	stub	1	0										
2157	1	{1 3 5 28 29 78 387}	stub	1	0										
2158	1	{1 3 5 11 28 29 78 387}	stub	1	0										
2159	1	{1 3 5 28 78 387}	stub	1	0										
2160	1	{1 3 5 11 28 78 387}	stub	1	0										
2161	1	{1 3 28 29 78 387}	stub	1	0										
2162	1	{1 3 11 28 29 78 387}	stub	1	0										
2163	1	{1 3 28 78 387}	stub	1	0										
2164	1	{1 3 11 28 78 387}	stub	1	0										
2165	1	{1 5 28 29 78 387}	stub	1	0										
2166	1	{1 5 11 28 29 78 387}	stub	1	0										
2167	1	{1 5 28 78 387}	stub	1	0										
2168	1	{1 5 11 28 78 387}	stub	1	0										
2169	1	{1 28 29 78 387}	stub	1	0										
2170	1	{1 11 28 29 78 387}	stub	1	0										
2171	1	{1 28 78 387}	stub	1	0										
2172	1	{1 11 28 78 387}	stub	1	0										
2173	1	{1 3 5 29 78 79 387}	stub	1	0										
2174	1	{1 3 5 11 29 78 79 387}	stub	1	0										
2175	1	{1 3 5 78 79 387}	stub	1	0										
2176	1	{1 3 5 11 78 79 387}	stub	1	0										
2177	1	{1 3 29 78 79 387}	stub	1	0										
2178	1	{1 3 11 29 78 79 387}	stub	1	0										
2179	1	{1 3 78 79 387}	stub	1	0										
2180	1	{1 3 11 78 79 387}	stub	1	0										
2181	1	{1 5 29 78 79 387}	stub	1	0										
2182	1	{1 5 11 29 78 79 387}	stub	1	0										
2183	1	{1 5 78 79 387}	stub	1	0										
2184	1	{1 5 11 78 79 387}	stub	1	0										
2185	1	{1 29 78 79 387}	stub	1	0										
2186	1	{1 11 29 78 79 387}	stub	1	0										
2187	1	{1 78 79 387}	stub	1	0										
2188	1	{1 11 78 79 387}	stub	1	0										
2189	1	{1 3 5 29 78 387}	stub	1	0										
2190	1	{1 3 5 11 29 78 387}	stub	1	0										
2191	1	{1 3 5 78 387}	stub	1	0										
2192	1	{1 3 5 11 78 387}	stub	1	0										
2193	1	{1 3 29 78 387}	stub	1	0										
2194	1	{1 3 11 29 78 387}	stub	1	0										
2195	1	{1 3 78 387}	stub	1	0										
2196	1	{1 3 11 78 387}	stub	1	0										
2197	1	{1 5 29 78 387}	stub	1	0										
2198	1	{1 5 11 29 78 387}	stub	1	0										
2199	1	{1 5 78 387}	stub	1	0										
2200	1	{1 5 11 78 387}	stub	1	0										
2201	1	{1 29 78 387}	stub	1	0										
2202	1	{1 11 29 78 387}	stub	1	0										
2203	1	{1 78 387}	stub	1	0										
2204	1	{1 11 78 387}	stub	1	0										
2205	1	{1 3 5 28 29 79 387}	stub	1	0										
2206	1	{1 3 5 11 28 29 79 387}	stub	1	0										
2207	1	{1 3 5 28 79 387}	stub	1	0										
2208	1	{1 3 5 11 28 79 387}	stub	1	0										
2209	1	{1 3 28 29 79 387}	stub	1	0										
2210	1	{1 3 11 28 29 79 387}	stub	1	0										
2211	1	{1 3 28 79 387}	stub	1	0										
2212	1	{1 3 11 28 79 387}	stub	1	0										
2213	1	{1 5 28 29 79 387}	stub	1	0										
2214	1	{1 5 11 28 29 79 387}	stub	1	0										
2215	1	{1 5 28 79 387}	stub	1	0										
2216	1	{1 5 11 28 79 387}	stub	1	0										
2217	1	{1 28 29 79 387}	stub	1	0										
2218	1	{1 11 28 29 79 387}	stub	1	0										
2219	1	{1 28 79 387}	stub	1	0										
2220	1	{1 11 28 79 387}	stub	1	0										
2221	1	{1 3 5 28 29 387}	stub	1	0										
2222	1	{1 3 5 11 28 29 387}	stub	1	0										
2223	1	{1 3 5 28 387}	stub	1	0										
2224	1	{1 3 5 11 28 387}	stub	1	0										
2225	1	{1 3 28 29 387}	stub	1	0										
2226	1	{1 3 11 28 29 387}	stub	1	0										
2227	1	{1 3 28 387}	stub	1	0										
2228	1	{1 3 11 28 387}	stub	1	0										
2229	1	{1 5 28 29 387}	stub	1	0										
2230	1	{1 5 11 28 29 387}	stub	1	0										
2231	1	{1 5 28 387}	stub	1	0										
2232	1	{1 5 11 28 387}	stub	1	0										
2233	1	{1 28 29 387}	stub	1	0										
2234	1	{1 11 28 29 387}	stub	1	0										
2235	1	{1 28 387}	stub	1	0										
2236	1	{1 11 28 387}	stub	1	0										
2237	1	{1 3 5 29 79 387}	stub	1	0										
2238	1	{1 3 5 11 29 79 387}	stub	1	0										
2239	1	{1 3 5 79 387}	stub	1	0										
2240	1	{1 3 5 11 79 387}	stub	1	0										
2241	1	{1 3 29 79 387}	stub	1	0										
2242	1	{1 3 11 29 79 387}	stub	1	0										
2243	1	{1 3 79 387}	stub	1	0										
2244	1	{1 3 11 79 387}	stub	1	0										
2245	1	{1 5 29 79 387}	stub	1	0										
2246	1	{1 5 11 29 79 387}	stub	1	0										
2247	1	{1 5 79 387}	stub	1	0										
2248	1	{1 5 11 79 387}	stub	1	0										
2249	1	{1 29 79 387}	stub	1	0										
2250	1	{1 11 29 79 387}	stub	1	0										
2251	1	{1 79 387}	stub	1	0										
2252	1	{1 11 79 387}	stub	1	0										
2253	1	{1 3 5 29 387}	stub	1	0										
2254	1	{1 3 5 11 29 387}	stub	1	0										
2255	1	{1 3 5 387}	stub	1	0										
2256	1	{1 3 5 11 387}	stub	1	0										
2257	1	{1 3 29 387}	stub	1	0										
2258	1	{1 3 11 29 387}	stub	1	0										
2259	1	{1 3 387}	stub	1	0										
2260	1	{1 3 11 387}	stub	1	0										
2261	1	{1 5 29 387}	stub	1	0										
2262	1	{1 5 11 29 387}	stub	1	0										
2263	1	{1 5 387}	stub	1	0										
2264	1	{1 5 11 387}	stub	1	0										
2265	1	{1 29 387}	stub	1	0										
2266	1	{1 11 29 387}	stub	1	0										
2267	1	{1 387}	stub	1	0										
2268	1	{1 11 387}	stub	1	0										
2269	1	{2 3 5 28 29 78 79 387}	stub	1	0										
2270	1	{2 3 5 11 28 29 78 79 387}	stub	1	0										
2271	1	{2 3 5 28 78 79 387}	stub	1	0										
2272	1	{2 3 5 11 28 78 79 387}	stub	1	0										
2273	1	{2 3 28 29 78 79 387}	stub	1	0										
2274	1	{2 3 11 28 29 78 79 387}	stub	1	0										
2275	1	{2 3 28 78 79 387}	stub	1	0										
2276	1	{2 3 11 28 78 79 387}	stub	1	0										
2277	1	{2 5 28 29 78 79 387}	stub	1	0										
2278	1	{2 5 11 28 29 78 79 387}	stub	1	0										
2279	1	{2 5 28 78 79 387}	stub	1	0										
2280	1	{2 5 11 28 78 79 387}	stub	1	0										
2281	1	{2 28 29 78 79 387}	stub	1	0										
2282	1	{2 11 28 29 78 79 387}	stub	1	0										
2283	1	{2 28 78 79 387}	stub	1	0										
2284	1	{2 11 28 78 79 387}	stub	1	0										
2285	1	{2 3 5 28 29 78 387}	stub	1	0										
2286	1	{2 3 5 11 28 29 78 387}	stub	1	0										
2287	1	{2 3 5 28 78 387}	stub	1	0										
2288	1	{2 3 5 11 28 78 387}	stub	1	0										
2289	1	{2 3 28 29 78 387}	stub	1	0										
2290	1	{2 3 11 28 29 78 387}	stub	1	0										
2291	1	{2 3 28 78 387}	stub	1	0										
2292	1	{2 3 11 28 78 387}	stub	1	0										
2293	1	{2 5 28 29 78 387}	stub	1	0										
2294	1	{2 5 11 28 29 78 387}	stub	1	0										
2295	1	{2 5 28 78 387}	stub	1	0										
2296	1	{2 5 11 28 78 387}	stub	1	0										
2297	1	{2 28 29 78 387}	stub	1	0										
2298	1	{2 11 28 29 78 387}	stub	1	0										
2299	1	{2 28 78 387}	stub	1	0										
2300	1	{2 11 28 78 387}	stub	1	0										
2301	1	{2 3 5 29 78 79 387}	stub	1	0										
2302	1	{2 3 5 11 29 78 79 387}	stub	1	0										
2303	1	{2 3 5 78 79 387}	stub	1	0										
2304	1	{2 3 5 11 78 79 387}	stub	1	0										
2305	1	{2 3 29 78 79 387}	stub	1	0										
2306	1	{2 3 11 29 78 79 387}	stub	1	0										
2307	1	{2 3 78 79 387}	stub	1	0										
2308	1	{2 3 11 78 79 387}	stub	1	0										
2309	1	{2 5 29 78 79 387}	stub	1	0										
2310	1	{2 5 11 29 78 79 387}	stub	1	0										
2311	1	{2 5 78 79 387}	stub	1	0										
2312	1	{2 5 11 78 79 387}	stub	1	0										
2313	1	{2 29 78 79 387}	stub	1	0										
2314	1	{2 11 29 78 79 387}	stub	1	0										
2315	1	{2 78 79 387}	stub	1	0										
2316	1	{2 11 78 79 387}	stub	1	0										
2317	1	{2 3 5 29 78 387}	stub	1	0										
2318	1	{2 3 5 11 29 78 387}	stub	1	0										
2319	1	{2 3 5 78 387}	stub	1	0										
2320	1	{2 3 5 11 78 387}	stub	1	0										
2321	1	{2 3 29 78 387}	stub	1	0										
2322	1	{2 3 11 29 78 387}	stub	1	0										
2323	1	{2 3 78 387}	stub	1	0										
2324	1	{2 3 11 78 387}	stub	1	0										
2325	1	{2 5 29 78 387}	stub	1	0										
2326	1	{2 5 11 29 78 387}	stub	1	0										
2327	1	{2 5 78 387}	stub	1	0										
2328	1	{2 5 11 78 387}	stub	1	0										
2329	1	{2 29 78 387}	stub	1	0										
2330	1	{2 11 29 78 387}	stub	1	0										
2331	1	{2 78 387}	stub	1	0										
2332	1	{2 11 78 387}	stub	1	0										
2333	1	{2 3 5 28 29 79 387}	stub	1	0										
2334	1	{2 3 5 11 28 29 79 387}	stub	1	0										
2335	1	{2 3 5 28 79 387}	stub	1	0										
2336	1	{2 3 5 11 28 79 387}	stub	1	0										
2337	1	{2 3 28 29 79 387}	stub	1	0										
2338	1	{2 3 11 28 29 79 387}	stub	1	0										
2339	1	{2 3 28 79 387}	stub	1	0										
2340	1	{2 3 11 28 79 387}	stub	1	0										
2341	1	{2 5 28 29 79 387}	stub	1	0										
2342	1	{2 5 11 28 29 79 387}	stub	1	0										
2343	1	{2 5 28 79 387}	stub	1	0										
2344	1	{2 5 11 28 79 387}	stub	1	0										
2345	1	{2 28 29 79 387}	stub	1	0										
2346	1	{2 11 28 29 79 387}	stub	1	0										
2347	1	{2 28 79 387}	stub	1	0										
2348	1	{2 11 28 79 387}	stub	1	0										
2349	1	{2 3 5 28 29 387}	stub	1	0										
2350	1	{2 3 5 11 28 29 387}	stub	1	0										
2351	1	{2 3 5 28 387}	stub	1	0										
2352	1	{2 3 5 11 28 387}	stub	1	0										
2353	1	{2 3 28 29 387}	stub	1	0										
2354	1	{2 3 11 28 29 387}	stub	1	0										
2355	1	{2 3 28 387}	stub	1	0										
2356	1	{2 3 11 28 387}	stub	1	0										
2357	1	{2 5 28 29 387}	stub	1	0										
2358	1	{2 5 11 28 29 387}	stub	1	0										
2359	1	{2 5 28 387}	stub	1	0										
2360	1	{2 5 11 28 387}	stub	1	0										
2361	1	{2 28 29 387}	stub	1	0										
2362	1	{2 11 28 29 387}	stub	1	0										
2363	1	{2 28 387}	stub	1	0										
2364	1	{2 11 28 387}	stub	1	0										
2365	1	{2 3 5 29 79 387}	stub	1	0										
2366	1	{2 3 5 11 29 79 387}	stub	1	0										
2367	1	{2 3 5 79 387}	stub	1	0										
2368	1	{2 3 5 11 79 387}	stub	1	0										
2369	1	{2 3 29 79 387}	stub	1	0										
2370	1	{2 3 11 29 79 387}	stub	1	0										
2371	1	{2 3 79 387}	stub	1	0										
2372	1	{2 3 11 79 387}	stub	1	0										
2373	1	{2 5 29 79 387}	stub	1	0										
2374	1	{2 5 11 29 79 387}	stub	1	0										
2375	1	{2 5 79 387}	stub	1	0										
2376	1	{2 5 11 79 387}	stub	1	0										
2377	1	{2 29 79 387}	stub	1	0										
2378	1	{2 11 29 79 387}	stub	1	0										
2379	1	{2 79 387}	stub	1	0										
2380	1	{2 11 79 387}	stub	1	0										
2381	1	{2 3 5 29 387}	stub	1	0										
2382	1	{2 3 5 11 29 387}	stub	1	0										
2383	1	{2 3 5 387}	stub	1	0										
2384	1	{2 3 5 11 387}	stub	1	0										
2385	1	{2 3 29 387}	stub	1	0										
2386	1	{2 3 11 29 387}	stub	1	0										
2387	1	{2 3 387}	stub	1	0										
2388	1	{2 3 11 387}	stub	1	0										
2389	1	{2 5 29 387}	stub	1	0										
2390	1	{2 5 11 29 387}	stub	1	0										
2391	1	{2 5 387}	stub	1	0										
2392	1	{2 5 11 387}	stub	1	0										
2393	1	{2 29 387}	stub	1	0										
2394	1	{2 11 29 387}	stub	1	0										
2395	1	{2 387}	stub	1	0										
2396	1	{2 11 387}	stub	1	0										
2397	1	{3 5 28 29 78 79 387}	stub	1	0										
2398	1	{3 5 11 28 29 78 79 387}	stub	1	0										
2399	1	{3 5 28 78 79 387}	stub	1	0										
2400	1	{3 5 11 28 78 79 387}	stub	1	0										
2401	1	{3 28 29 78 79 387}	stub	1	0										
2402	1	{3 11 28 29 78 79 387}	stub	1	0										
2403	1	{3 28 78 79 387}	stub	1	0										
2404	1	{3 11 28 78 79 387}	stub	1	0										
2405	1	{5 28 29 78 79 387}	stub	1	0										
2406	1	{5 11 28 29 78 79 387}	stub	1	0										
2407	1	{5 28 78 79 387}	stub	1	0										
2408	1	{5 11 28 78 79 387}	stub	1	0										
2409	1	{28 29 78 79 387}	stub	1	0										
2410	1	{11 28 29 78 79 387}	stub	1	0										
2411	1	{28 78 79 387}	stub	1	0										
2412	1	{11 28 78 79 387}	stub	1	0										
2413	1	{3 5 28 29 78 387}	stub	1	0										
2414	1	{3 5 11 28 29 78 387}	stub	1	0										
2415	1	{3 5 28 78 387}	stub	1	0										
2416	1	{3 5 11 28 78 387}	stub	1	0										
2417	1	{3 28 29 78 387}	stub	1	0										
2418	1	{3 11 28 29 78 387}	stub	1	0										
2419	1	{3 28 78 387}	stub	1	0										
2420	1	{3 11 28 78 387}	stub	1	0										
2421	1	{5 28 29 78 387}	stub	1	0										
2422	1	{5 11 28 29 78 387}	stub	1	0										
2423	1	{5 28 78 387}	stub	1	0										
2424	1	{5 11 28 78 387}	stub	1	0										
2425	1	{28 29 78 387}	stub	1	0										
2426	1	{11 28 29 78 387}	stub	1	0										
2427	1	{28 78 387}	stub	1	0										
2428	1	{11 28 78 387}	stub	1	0										
2429	1	{3 5 29 78 79 387}	stub	1	0										
2430	1	{3 5 11 29 78 79 387}	stub	1	0										
2431	1	{3 5 78 79 387}	stub	1	0										
2432	1	{3 5 11 78 79 387}	stub	1	0										
2433	1	{3 29 78 79 387}	stub	1	0										
2434	1	{3 11 29 78 79 387}	stub	1	0										
2435	1	{3 78 79 387}	stub	1	0										
2436	1	{3 11 78 79 387}	stub	1	0										
2437	1	{5 29 78 79 387}	stub	1	0										
2438	1	{5 11 29 78 79 387}	stub	1	0										
2439	1	{5 78 79 387}	stub	1	0										
2440	1	{5 11 78 79 387}	stub	1	0										
2441	1	{29 78 79 387}	stub	1	0										
2442	1	{11 29 78 79 387}	stub	1	0										
2443	1	{78 79 387}	stub	1	0										
2444	1	{11 78 79 387}	stub	1	0										
2445	1	{3 5 29 78 387}	stub	1	0										
2446	1	{3 5 11 29 78 387}	stub	1	0										
2447	1	{3 5 78 387}	stub	1	0										
2448	1	{3 5 11 78 387}	stub	1	0										
2449	1	{3 29 78 387}	stub	1	0										
2450	1	{3 11 29 78 387}	stub	1	0										
2451	1	{3 78 387}	stub	1	0										
2452	1	{3 11 78 387}	stub	1	0										
2453	1	{5 29 78 387}	stub	1	0										
2454	1	{5 11 29 78 387}	stub	1	0										
2455	1	{5 78 387}	stub	1	0										
2456	1	{5 11 78 387}	stub	1	0										
2457	1	{29 78 387}	stub	1	0										
2458	1	{11 29 78 387}	stub	1	0										
2459	1	{78 387}	stub	1	0										
2460	1	{11 78 387}	stub	1	0										
2461	1	{3 5 28 29 79 387}	stub	1	0										
2462	1	{3 5 11 28 29 79 387}	stub	1	0										
2463	1	{3 5 28 79 387}	stub	1	0										
2464	1	{3 5 11 28 79 387}	stub	1	0										
2465	1	{3 28 29 79 387}	stub	1	0										
2466	1	{3 11 28 29 79 387}	stub	1	0										
2467	1	{3 28 79 387}	stub	1	0										
2468	1	{3 11 28 79 387}	stub	1	0										
2469	1	{5 28 29 79 387}	stub	1	0										
2470	1	{5 11 28 29 79 387}	stub	1	0										
2471	1	{5 28 79 387}	stub	1	0										
2472	1	{5 11 28 79 387}	stub	1	0										
2473	1	{28 29 79 387}	stub	1	0										
2474	1	{11 28 29 79 387}	stub	1	0										
2475	1	{28 79 387}	stub	1	0										
2476	1	{11 28 79 387}	stub	1	0										
2477	1	{3 5 28 29 387}	stub	1	0										
2478	1	{3 5 11 28 29 387}	stub	1	0										
2479	1	{3 5 28 387}	stub	1	0										
2480	1	{3 5 11 28 387}	stub	1	0										
2481	1	{3 28 29 387}	stub	1	0										
2482	1	{3 11 28 29 387}	stub	1	0										
2483	1	{3 28 387}	stub	1	0										
2484	1	{3 11 28 387}	stub	1	0										
2485	1	{5 28 29 387}	stub	1	0										
2486	1	{5 11 28 29 387}	stub	1	0										
2487	1	{5 28 387}	stub	1	0										
2488	1	{5 11 28 387}	stub	1	0										
2489	1	{28 29 387}	stub	1	0										
2490	1	{11 28 29 387}	stub	1	0										
2491	1	{28 387}	stub	1	0										
2492	1	{11 28 387}	stub	1	0										
2493	1	{3 5 29 79 387}	stub	1	0										
2494	1	{3 5 11 29 79 387}	stub	1	0										
2495	1	{3 5 79 387}	stub	1	0										
2496	1	{3 5 11 79 387}	stub	1	0										
2497	1	{3 29 79 387}	stub	1	0										
2498	1	{3 11 29 79 387}	stub	1	0										
2499	1	{3 79 387}	stub	1	0										
2500	1	{3 11 79 387}	stub	1	0										
2501	1	{5 29 79 387}	stub	1	0										
2502	1	{5 11 29 79 387}	stub	1	0										
2503	1	{5 79 387}	stub	1	0										
2504	1	{5 11 79 387}	stub	1	0										
2505	1	{29 79 387}	stub	1	0										
2506	1	{11 29 79 387}	stub	1	0										
2507	1	{79 387}	stub	1	0										
2508	1	{11 79 387}	stub	1	0										
2509	1	{3 5 29 387}	stub	1	0										
2510	1	{3 5 11 29 387}	stub	1	0										
2511	1	{3 5 387}	stub	1	0										
2512	1	{3 5 11 387}	stub	1	0										
2513	1	{3 29 387}	stub	1	0										
2514	1	{3 11 29 387}	stub	1	0										
2515	1	{3 387}	stub	1	0										
2516	1	{3 11 387}	stub	1	0										
2517	1	{5 29 387}	stub	1	0										
2518	1	{5 11 29 387}	stub	1	0										
2519	1	{5 387}	stub	1	0										
2520	1	{5 11 387}	stub	1	0										
2521	1	{29 387}	stub	1	0										
2522	1	{11 29 387}	stub	1	0										
2523	1	{387}	stub	1	0										
2524	1	{11 387}	stub	1	0										
